Date,Macro_Rng_Ratio,Macro_IB_Ext,Macro_Ses_RVol,Macro_VIX,Macro_Gap,Macro_VwP_D,Macro_SMA_D,Macro_Auc_V,Regime_Label
2023-07-24,0.0,8.0,0.64,13.89,0.0,-0.01,5.27,0.0,0
2023-07-25,0.69,1.0,0.59,14.0,-0.11,0.06,5.42,0.61,1
2023-07-26,0.9,24.0,0.84,13.3,-0.4,-0.05,4.97,0.36,0
2023-07-27,1.91,8.0,1.2,14.72,0.74,-0.91,4.14,0.08,2
2023-07-28,0.63,8.0,0.91,13.3,0.67,0.05,5.0,0.65,0
2023-07-31,0.48,8.0,0.75,13.63,0.11,-0.03,4.77,0.42,0
2023-08-01,0.43,0.0,0.68,13.85,-0.41,0.03,4.45,0.6,1
2023-08-02,1.0,2.0,0.99,16.16,-0.72,-0.24,2.78,0.19,2
2023-08-03,0.78,17.0,0.92,16.29,-0.58,0.05,2.38,0.57,0
2023-08-04,1.52,3.0,1.24,17.28,0.07,-0.78,1.55,0.03,2
2023-08-07,0.59,9.0,0.8,15.86,0.37,0.29,2.34,0.99,1
2023-08-08,0.89,4.0,0.86,16.01,-0.65,0.48,1.76,0.93,1
2023-08-09,0.94,4.0,1.01,16.16,0.05,-0.39,0.82,0.16,2
2023-08-10,1.53,1.0,1.68,15.89,0.35,-0.45,0.71,0.17,2
2023-08-11,0.72,0.0,0.89,15.12,-0.42,0.0,0.41,0.55,1
2023-08-14,0.74,2.0,0.71,14.89,-0.29,0.23,0.78,0.91,1
2023-08-15,0.94,3.0,0.84,16.26,-0.41,-0.24,-0.31,0.23,2
2023-08-16,0.92,7.0,0.87,16.69,-0.11,-0.51,-1.13,0.06,2
2023-08-17,1.19,8.0,0.92,17.73,0.24,-0.45,-1.91,0.23,2
2023-08-18,0.94,5.0,0.91,17.36,-0.61,0.24,-2.14,0.72,1
2023-08-21,1.0,3.0,0.88,16.96,0.22,0.46,-1.46,0.89,1
2023-08-22,0.77,8.0,0.87,16.98,0.46,-0.19,-1.84,0.19,0
2023-08-23,0.97,1.0,0.59,16.11,0.23,0.16,-0.93,0.73,1
2023-08-24,1.66,2.0,0.9,17.17,0.29,-0.87,-2.23,0.02,2
2023-08-25,1.2,7.0,1.18,15.67,0.35,0.42,-1.57,0.82,1
2023-08-28,0.5,10.0,0.8,15.11,0.4,0.16,-1.0,0.75,0
2023-08-29,1.34,3.0,0.72,14.46,-0.05,0.49,0.38,0.93,1
2023-08-30,0.54,0.0,0.68,13.87,0.03,0.08,0.77,0.73,1
2023-08-31,0.47,14.0,0.62,13.53,0.04,-0.19,0.67,0.19,0
2023-09-01,0.78,6.0,0.66,13.04,0.48,-0.02,0.69,0.39,0
2023-09-05,0.38,2.0,0.51,13.92,-0.08,-0.14,0.18,0.14,0
2023-09-06,0.95,12.0,0.73,14.39,-0.17,0.02,-0.59,0.48,0
2023-09-07,0.59,11.0,0.74,14.56,-0.63,0.1,-0.98,0.7,0
2023-09-08,0.52,5.0,0.73,14.0,-0.03,-0.16,-0.9,0.26,0
2023-09-11,0.49,5.0,0.26,13.9,0.47,0.09,-0.31,0.68,0
2023-09-12,0.67,6.0,0.67,14.24,0.7,-0.2,0.29,0.21,0
2023-09-13,0.57,14.0,0.94,13.59,0.01,-0.03,0.39,0.55,0
2023-09-14,0.71,4.0,0.68,12.95,0.45,0.19,1.18,0.76,1
2023-09-15,1.01,1.0,0.88,13.98,-0.47,-0.4,-0.12,0.11,2
2023-09-18,0.49,3.0,0.66,14.08,-0.16,-0.05,-0.08,0.4,0
2023-09-19,0.71,2.0,0.78,14.12,-0.26,0.28,-0.26,0.89,1
2023-09-20,1.17,6.0,0.76,14.73,0.22,-0.76,-1.17,0.04,2
2023-09-21,0.88,6.0,0.9,17.06,-0.58,-0.54,-2.87,0.02,2
2023-09-22,0.82,12.0,0.82,17.15,0.25,-0.42,-3.11,0.12,2
2023-09-25,0.68,8.0,0.84,17.1,-0.33,0.28,-2.75,0.94,1
2023-09-26,0.97,5.0,0.85,19.33,-0.67,-0.31,-4.02,0.2,2
2023-09-27,1.06,9.0,1.19,18.48,0.11,0.09,-3.98,0.64,2
2023-09-28,1.05,10.0,1.1,17.33,-0.25,0.17,-3.29,0.67,2
2023-09-29,1.16,2.0,1.11,17.64,0.61,-0.42,-3.51,0.2,2
2023-10-02,0.81,8.0,1.17,17.77,-0.23,0.15,-3.44,0.62,2
2023-10-03,1.25,8.0,1.18,20.05,-0.47,-0.33,-4.69,0.15,2
2023-10-04,0.91,7.0,0.99,18.43,0.03,0.62,-3.63,0.96,1
2023-10-05,0.78,10.0,1.0,18.44,-0.05,0.27,-3.77,0.76,1
2023-10-06,1.96,1.0,0.97,17.51,-0.43,1.0,-2.42,0.87,1
2023-10-09,1.04,7.0,0.63,17.8,-0.42,0.55,-1.78,0.88,1
2023-10-10,0.82,12.0,0.65,17.07,0.1,-0.14,-1.15,0.43,0
2023-10-11,0.58,6.0,0.64,16.42,0.18,0.3,-0.69,0.92,1
2023-10-12,1.08,5.0,0.89,16.81,-0.07,-0.27,-1.22,0.4,2
2023-10-13,1.14,2.0,1.05,19.35,0.22,-0.3,-1.7,0.22,2
2023-10-16,0.62,21.0,0.66,17.16,0.48,0.21,-0.44,0.84,0
2023-10-17,0.98,18.0,0.9,17.82,-0.61,0.13,-0.61,0.58,0
2023-10-18,1.05,7.0,1.13,19.61,-0.26,-0.6,-1.88,0.15,2
2023-10-19,1.21,17.0,1.24,20.69,-0.03,-0.62,-2.56,0.17,2
2023-10-20,0.92,9.0,0.86,21.36,0.03,-0.46,-3.7,0.11,2
2023-10-23,1.12,1.0,0.79,20.55,-0.23,-0.26,-3.88,0.4,2
2023-10-24,0.68,8.0,0.76,19.02,0.21,0.23,-2.98,0.81,1
2023-10-25,0.83,4.0,0.87,20.48,-0.33,-0.44,-4.4,0.1,2
2023-10-26,0.96,7.0,0.97,21.11,-0.32,-0.4,-5.4,0.22,2
2023-10-27,0.9,5.0,1.04,21.36,0.1,-0.44,-5.91,0.18,2
2023-10-30,0.74,8.0,0.7,19.64,0.47,0.41,-4.49,0.84,1
2023-10-31,0.71,6.0,0.67,18.05,0.08,0.52,-3.84,0.99,1
2023-11-01,0.83,7.0,0.78,16.77,0.26,0.53,-2.74,0.88,1
2023-11-02,0.72,3.0,0.56,15.64,0.64,0.45,-0.92,0.95,1
2023-11-03,0.54,11.0,0.6,15.11,0.42,0.03,0.07,0.56,0
2023-11-06,0.41,3.0,0.47,15.0,0.04,0.02,0.11,0.57,0
2023-11-07,0.52,4.0,0.52,14.9,0.03,-0.05,0.38,0.57,0
2023-11-08,0.55,9.0,0.59,14.42,0.11,0.15,0.64,0.77,1
2023-11-09,0.88,9.0,0.76,15.37,0.24,-0.54,-0.21,0.04,0
2023-11-10,1.14,6.0,0.63,14.25,0.32,0.77,1.44,0.94,1
2023-11-13,0.51,2.0,0.51,14.8,-0.28,0.06,1.38,0.61,1
2023-11-14,0.7,9.0,0.56,14.13,1.04,0.0,3.31,0.59,0
2023-11-15,0.44,7.0,0.56,14.11,0.17,-0.17,3.52,0.24,0
2023-11-16,0.42,18.0,0.6,14.17,0.01,0.16,3.59,0.8,0
2023-11-17,0.38,6.0,0.54,13.83,-0.01,0.11,3.71,0.7,0
2023-11-20,0.84,2.0,0.52,13.42,-0.01,0.23,4.41,0.75,1
2023-11-21,0.31,11.0,0.49,13.32,-0.15,0.07,4.17,0.75,0
2023-11-22,0.47,0.0,0.61,12.89,0.39,0.04,4.54,0.53,0
2023-11-27,0.28,8.0,0.57,12.74,-0.14,-0.05,4.32,0.34,0
2023-11-28,0.57,11.0,0.75,12.61,-0.1,0.03,4.34,0.48,0
2023-11-29,0.86,11.0,0.8,12.95,0.43,-0.35,4.24,0.1,0
2023-11-30,0.63,11.0,0.93,12.87,0.04,0.38,4.55,0.98,1
2023-12-01,0.95,4.0,0.99,12.63,-0.11,0.38,5.13,0.88,1
2023-12-04,0.56,5.0,0.77,13.02,-0.78,0.23,4.47,0.94,1
2023-12-05,0.58,3.0,0.86,12.92,-0.24,-0.01,4.21,0.49,0
2023-12-06,0.98,5.0,0.77,12.99,0.46,-0.5,3.71,0.03,0
2023-12-07,0.56,13.0,0.84,13.08,0.43,0.13,4.41,0.75,0
2023-12-08,0.77,4.0,0.83,12.48,-0.14,0.26,4.72,0.86,1
2023-12-11,0.53,5.0,0.24,12.63,-0.09,0.26,4.94,0.98,1
2023-12-12,0.78,5.0,0.5,12.06,1.06,0.37,6.45,0.98,1
2023-12-13,1.6,9.0,0.72,12.18,0.01,0.57,7.58,0.86,1
2023-12-14,0.92,4.0,0.93,12.46,0.33,-0.1,7.68,0.5,0
2023-12-15,0.45,15.0,0.71,12.27,-0.04,0.2,7.65,0.92,0
2023-12-18,0.46,2.0,0.52,12.47,0.23,0.09,7.82,0.7,0
2023-12-19,0.44,13.0,0.53,12.48,0.17,0.15,8.09,1.0,0
2023-12-20,1.57,12.0,1.05,13.6,-0.15,-0.82,6.55,0.02,2
2023-12-21,0.84,11.0,0.95,13.51,0.71,0.4,7.22,0.99,1
2023-12-22,0.76,14.0,0.72,13.15,0.22,-0.1,7.19,0.49,0
2023-12-26,0.55,10.0,0.36,12.99,0.18,0.08,7.46,0.61,0
2023-12-27,0.38,5.0,0.61,12.44,-0.08,0.04,7.27,0.53,0
2023-12-28,0.25,14.0,0.47,12.54,-0.07,-0.12,7.14,0.06,0
2023-12-29,0.86,2.0,0.73,12.56,-0.1,-0.04,6.58,0.43,0
2024-01-02,0.72,3.0,0.79,13.29,-0.67,0.0,5.65,0.49,0
2024-01-03,0.68,11.0,1.02,13.94,-0.52,-0.2,4.69,0.23,0
2024-01-04,0.87,4.0,0.86,14.11,-0.14,-0.42,4.04,0.05,0
2024-01-05,0.9,4.0,1.02,13.44,0.03,-0.08,3.97,0.39,0
2024-01-08,1.41,1.0,0.75,13.03,0.05,0.7,5.19,0.97,1
2024-01-09,0.75,1.0,0.89,12.78,-0.57,0.19,4.79,0.77,1
2024-01-10,0.76,7.0,0.89,12.72,0.07,0.18,4.96,0.66,1
2024-01-11,1.27,2.0,1.14,12.47,0.16,0.28,4.58,0.67,1
2024-01-12,0.71,11.0,0.93,12.55,0.31,0.04,4.4,0.47,0
2024-01-16,0.75,10.0,1.13,13.93,-0.24,-0.08,3.36,0.4,0
2024-01-17,0.62,8.0,0.93,14.76,-0.69,0.2,2.91,0.9,1
2024-01-18,0.98,15.0,1.11,14.23,0.35,0.44,3.52,0.85,1
2024-01-19,1.23,5.0,0.99,13.39,0.25,0.59,4.6,0.92,1
2024-01-22,0.51,14.0,0.81,13.22,0.28,-0.06,4.67,0.38,0
2024-01-23,0.47,8.0,0.61,12.62,0.12,0.26,4.74,0.99,1
2024-01-24,0.8,13.0,0.98,13.0,0.53,-0.36,4.6,0.13,0
2024-01-25,0.63,4.0,0.9,13.49,0.54,0.09,4.72,0.68,1
2024-01-26,0.59,11.0,0.73,13.27,-0.08,-0.06,4.51,0.36,0
2024-01-29,0.94,12.0,0.62,13.61,0.1,0.47,5.0,0.88,1
2024-01-30,0.34,10.0,0.57,13.37,-0.11,0.0,4.77,0.51,0
2024-01-31,1.33,16.0,0.97,14.44,-0.43,-0.57,3.05,0.11,2
2024-02-01,1.12,4.0,0.88,14.07,0.24,0.51,3.91,0.94,1
2024-02-02,1.39,1.0,0.84,13.81,-0.23,0.45,5.03,0.83,1
2024-02-05,0.79,4.0,0.69,13.6,-0.11,0.2,4.51,0.83,1
2024-02-06,0.46,0.0,0.67,13.16,0.21,0.16,4.37,0.74,1
2024-02-07,0.65,13.0,0.7,12.86,0.58,0.11,5.03,0.76,0
2024-02-08,0.27,14.0,0.49,12.8,-0.03,0.03,4.85,0.62,0
2024-02-09,0.68,5.0,0.53,12.92,0.1,0.25,5.31,0.88,1
2024-02-12,0.71,21.0,0.55,13.91,0.01,-0.25,4.94,0.11,0
2024-02-13,1.12,5.0,0.92,16.22,-1.27,0.02,3.3,0.61,1
2024-02-14,0.89,17.0,0.9,14.42,0.54,0.45,4.12,0.99,1
2024-02-15,0.7,6.0,0.73,14.18,0.02,0.27,4.52,0.86,1
2024-02-16,0.85,11.0,0.87,14.31,-0.09,-0.29,3.82,0.17,0
2024-02-20,0.81,7.0,0.81,15.44,-0.27,-0.05,2.69,0.35,0
2024-02-21,0.74,10.0,0.95,15.28,-0.18,0.38,2.94,0.99,1
2024-02-22,1.11,6.0,0.88,14.49,1.39,0.4,4.95,0.89,1
2024-02-23,0.57,2.0,0.82,13.83,0.37,-0.07,4.8,0.4,0
2024-02-26,0.53,5.0,0.65,13.72,0.13,-0.19,4.19,0.15,0
2024-02-27,0.47,9.0,0.6,13.5,0.16,0.19,4.09,0.93,1
2024-02-28,0.39,9.0,0.69,13.74,-0.4,-0.04,3.7,0.43,0
2024-02-29,0.86,8.0,0.81,13.37,0.54,0.38,4.28,0.99,1
2024-03-01,0.98,3.0,0.73,13.19,0.11,0.37,4.84,0.93,1
2024-03-04,0.45,16.0,0.6,13.49,-0.1,-0.1,4.54,0.15,0
2024-03-05,1.21,17.0,1.03,14.56,-0.38,-0.14,3.3,0.37,0
2024-03-06,0.74,5.0,1.05,14.36,0.58,-0.02,3.76,0.44,0
2024-03-07,0.75,9.0,0.69,14.31,0.61,0.22,4.68,0.88,1
2024-03-08,1.38,1.0,1.39,14.78,0.19,-0.55,3.79,0.11,2
2024-03-11,0.65,15.0,0.3,15.24,-0.36,0.12,3.46,0.72,0
2024-03-12,1.29,5.0,0.87,13.87,1.57,0.49,5.89,0.99,1
2024-03-13,0.54,7.0,0.76,13.85,0.03,-0.12,5.41,0.41,0
2024-03-14,1.0,5.0,1.21,14.43,0.07,-0.01,4.9,0.45,0
2024-03-15,0.63,5.0,0.85,14.61,-0.58,-0.04,4.11,0.42,0
2024-03-18,0.5,11.0,0.73,14.43,0.75,-0.24,4.57,0.05,0
2024-03-19,0.89,4.0,0.67,13.9,-0.18,0.47,4.95,0.99,1
2024-03-20,1.03,4.0,0.78,13.05,0.0,0.43,5.49,0.85,1
2024-03-21,0.41,7.0,0.64,13.01,0.36,-0.16,5.76,0.16,0
2024-03-22,0.31,15.0,0.59,12.96,-0.11,0.01,5.41,0.52,0
2024-03-25,0.27,2.0,0.48,13.2,-0.24,-0.11,4.8,0.21,0
2024-03-26,0.54,13.0,0.49,13.31,0.24,-0.35,4.41,0.04,0
2024-03-27,0.71,7.0,0.77,12.74,0.42,0.42,4.97,0.95,1
2024-03-28,0.32,5.0,0.56,12.99,-0.03,0.05,4.94,0.58,0
2024-04-01,0.71,2.0,0.69,13.65,0.11,0.02,4.4,0.45,0
2024-04-02,0.54,5.0,0.79,14.64,-0.84,0.24,3.44,0.91,1
2024-04-03,0.67,8.0,0.86,14.4,-0.29,-0.12,3.34,0.45,0
2024-04-04,2.32,5.0,1.34,16.4,0.73,-0.99,2.07,0.1,2
2024-04-05,1.26,2.0,1.11,16.07,0.18,0.3,2.99,0.79,1
2024-04-08,0.44,3.0,0.74,15.3,0.15,-0.12,2.69,0.24,0
2024-04-09,1.24,11.0,1.12,15.27,0.26,0.29,2.6,0.67,1
2024-04-10,0.78,9.0,1.23,15.65,-1.25,0.13,1.61,0.59,2
2024-04-11,1.34,1.0,0.99,15.04,0.36,0.58,2.28,0.88,1
2024-04-12,1.18,11.0,1.13,17.47,-0.68,-0.29,0.52,0.2,2
2024-04-15,1.99,7.0,1.19,19.06,0.69,-0.83,-0.65,0.13,2
2024-04-16,0.7,12.0,1.07,18.15,0.11,0.04,-0.89,0.51,0
2024-04-17,1.16,4.0,1.18,18.01,0.41,-0.25,-1.59,0.28,2
2024-04-18,0.91,17.0,1.0,18.04,0.2,-0.32,-2.02,0.15,2
2024-04-19,1.08,6.0,0.87,18.85,-0.04,-0.42,-2.89,0.2,2
2024-04-22,1.11,4.0,0.86,16.93,0.42,0.15,-2.08,0.56,1
2024-04-23,0.77,7.0,0.71,15.84,0.39,0.18,-0.92,0.85,1
2024-04-24,0.66,6.0,0.8,15.6,0.1,0.15,-0.83,0.69,1
2024-04-25,1.06,1.0,0.87,16.17,-0.73,0.5,-1.48,0.84,1
2024-04-26,0.63,9.0,0.63,15.09,-0.22,-0.04,-0.52,0.64,0
2024-04-29,0.53,4.0,0.59,14.72,0.26,0.04,-0.32,0.7,1
2024-04-30,1.07,2.0,0.72,15.76,-0.26,-0.71,-1.71,0.03,2
2024-05-01,1.26,7.0,0.88,15.46,-0.1,-0.41,-2.13,0.13,2
2024-05-02,0.95,2.0,0.83,14.86,0.48,0.31,-1.51,0.78,1
2024-05-03,0.6,0.0,0.64,13.6,0.9,0.16,-0.22,0.68,1
2024-05-06,0.45,5.0,0.42,13.45,0.25,0.33,0.71,0.98,1
2024-05-07,0.31,14.0,0.49,13.19,0.18,-0.03,0.89,0.46,0
2024-05-08,0.4,13.0,0.47,13.0,-0.35,0.13,0.82,0.9,0
2024-05-09,0.56,1.0,0.49,12.79,0.05,0.21,1.19,0.9,1
2024-05-10,0.49,11.0,0.51,12.56,0.21,0.08,1.39,0.54,0
2024-05-13,0.49,7.0,0.42,13.65,0.29,-0.06,1.23,0.36,0
2024-05-14,0.55,11.0,0.62,13.35,0.07,0.37,1.76,0.98,1
2024-05-15,0.77,1.0,0.6,12.41,0.41,0.39,2.85,0.99,1
2024-05-16,0.44,11.0,0.67,12.37,0.09,-0.16,2.64,0.16,0
2024-05-17,0.35,13.0,0.52,11.94,0.05,0.1,2.51,0.93,0
2024-05-20,0.43,5.0,0.6,12.18,0.03,-0.18,2.52,0.19,0
2024-05-21,0.45,8.0,0.56,11.89,-0.1,0.22,2.77,0.93,1
2024-05-22,0.71,4.0,0.66,12.42,-0.12,-0.13,2.23,0.41,0
2024-05-23,1.57,5.0,1.26,13.06,0.54,-0.59,1.38,0.09,2
2024-05-24,0.62,4.0,0.75,11.98,0.34,0.05,2.06,0.66,1
2024-05-28,0.63,3.0,0.88,12.95,0.15,0.02,1.99,0.63,1
2024-05-29,0.37,16.0,0.73,14.16,-0.75,-0.13,1.3,0.23,0
2024-05-30,0.71,11.0,0.89,14.19,-0.19,-0.2,0.69,0.37,0
2024-05-31,1.48,12.0,1.14,13.16,0.27,0.92,1.32,0.99,1
2024-06-03,1.21,4.0,1.2,13.31,0.25,0.17,1.41,0.64,1
2024-06-04,0.75,4.0,1.09,13.22,-0.27,0.27,1.65,0.78,1
2024-06-05,1.06,6.0,0.84,12.66,0.4,0.53,2.84,1.0,1
2024-06-06,0.49,12.0,0.72,12.62,0.11,0.0,2.75,0.6,0
2024-06-07,0.8,9.0,1.1,12.26,-0.18,-0.09,2.66,0.41,0
2024-06-10,0.62,2.0,0.78,12.76,-0.09,0.16,2.8,0.78,1
2024-06-11,0.87,9.0,0.75,12.94,-0.19,0.44,3.03,0.98,1
2024-06-12,0.7,5.0,0.86,11.99,0.82,-0.04,4.04,0.51,0
2024-06-13,0.65,7.0,0.74,11.95,0.34,0.24,4.07,0.9,1
2024-06-14,0.48,12.0,0.56,12.56,-0.32,0.13,3.81,0.83,0
2024-06-17,1.31,1.0,0.63,12.74,1.1,0.41,5.93,0.79,1
2024-06-18,0.34,9.0,0.73,12.28,0.04,0.12,6.09,0.87,0
2024-06-20,0.9,5.0,1.01,13.33,0.14,-0.06,5.63,0.44,0
2024-06-21,0.46,8.0,0.66,13.16,-0.12,0.07,5.42,0.68,0
2024-06-24,0.66,10.0,0.77,13.33,-0.13,-0.32,5.0,0.01,0
2024-06-25,0.49,15.0,0.66,12.96,0.2,0.13,5.11,0.8,0
2024-06-26,0.59,12.0,0.62,12.41,-0.2,0.29,5.2,0.94,1
2024-06-27,0.5,9.0,0.77,12.29,0.09,0.0,4.94,0.5,0
2024-06-28,1.42,6.0,1.01,12.41,0.08,-0.43,4.5,0.23,2
2024-07-01,0.65,0.0,0.82,12.13,0.09,0.23,4.48,0.92,1
2024-07-02,0.92,9.0,0.76,11.96,-0.3,0.43,4.8,1.0,1
2024-07-05,0.77,4.0,0.65,12.31,0.03,0.35,5.32,0.98,1
2024-07-08,0.42,12.0,0.59,12.4,0.19,0.0,5.33,0.45,0
2024-07-09,0.34,10.0,0.68,12.51,0.17,-0.12,5.2,0.07,0
2024-07-10,0.97,4.0,0.74,12.85,0.24,0.5,6.06,0.98,1
2024-07-11,1.33,3.0,1.2,12.94,0.05,-0.21,5.01,0.2,2
2024-07-12,1.28,2.0,1.15,12.39,0.14,-0.17,5.33,0.42,0
2024-07-15,0.99,9.0,1.43,13.09,0.41,-0.24,5.26,0.25,0
2024-07-16,0.58,3.0,1.11,13.23,0.24,0.3,5.75,0.94,1
2024-07-17,0.75,13.0,1.13,14.45,-1.13,-0.18,4.04,0.16,0
2024-07-18,1.68,1.0,1.52,15.88,0.24,-0.25,3.08,0.3,2
2024-07-19,1.11,9.0,0.96,16.65,-0.14,-0.39,1.99,0.07,2
2024-07-22,0.76,10.0,0.88,14.87,0.8,0.26,3.05,0.88,1
2024-07-23,0.61,11.0,0.77,14.76,-0.04,-0.34,2.62,0.02,0
2024-07-24,1.59,3.0,1.01,18.41,-0.83,-0.72,0.1,0.04,2
2024-07-25,1.67,3.0,1.23,18.2,-0.16,-0.58,-0.28,0.16,2
2024-07-26,0.93,8.0,1.0,16.67,0.54,-0.15,0.34,0.28,0
2024-07-29,0.69,9.0,0.83,16.4,0.22,-0.06,0.57,0.52,0
2024-07-30,1.42,2.0,1.09,17.03,0.24,0.13,0.18,0.54,2
2024-07-31,0.93,19.0,0.87,16.35,1.53,0.08,1.52,0.57,0
2024-08-01,2.28,2.0,1.37,18.36,0.16,-0.76,-0.24,0.17,2
2024-08-02,1.17,6.0,1.0,24.09,-0.83,0.21,-2.07,0.49,2
2024-08-05,1.75,6.0,1.04,38.77,-2.77,-0.35,-5.18,0.43,2
2024-08-06,1.4,4.0,0.81,26.76,0.08,-0.32,-3.87,0.43,2
2024-08-07,1.53,3.0,0.88,28.31,0.76,-1.41,-4.7,0.02,2
2024-08-08,1.05,10.0,0.73,24.12,0.56,0.38,-2.64,0.82,1
2024-08-09,0.63,10.0,0.64,20.65,-0.13,0.21,-2.18,0.65,1
2024-08-12,0.51,4.0,0.68,20.89,0.14,-0.16,-2.23,0.31,0
2024-08-13,0.64,2.0,0.53,18.23,0.38,0.45,-0.61,0.9,1
2024-08-14,0.53,15.0,0.6,16.16,0.09,0.35,-0.13,0.92,1
2024-08-15,0.51,2.0,0.51,15.29,0.53,0.2,1.21,0.77,1
2024-08-16,0.43,1.0,0.47,14.83,-0.15,0.17,1.41,0.77,1
2024-08-19,0.59,1.0,0.46,14.55,0.01,0.49,2.21,0.99,1
2024-08-20,0.41,9.0,0.5,15.85,0.01,-0.07,2.0,0.33,0
2024-08-21,0.49,8.0,0.65,16.21,0.07,0.14,2.31,0.69,0
2024-08-22,1.03,5.0,0.8,17.7,0.22,-0.58,1.21,0.04,2
2024-08-23,0.71,8.0,0.93,15.67,0.34,0.29,2.33,0.85,1
2024-08-26,0.6,5.0,0.65,16.05,0.13,-0.16,1.86,0.24,0
2024-08-27,0.47,6.0,0.5,15.45,-0.1,0.12,1.98,0.82,1
2024-08-28,0.86,1.0,0.72,16.78,-0.06,0.06,1.43,0.57,1
2024-08-29,0.84,12.0,0.8,16.03,0.31,-0.46,1.24,0.15,0
2024-08-30,0.86,4.0,0.7,14.9,0.17,0.59,2.14,0.96,1
2024-09-03,1.37,11.0,0.87,21.26,-0.34,-0.74,-0.19,0.14,2
2024-09-04,0.6,9.0,0.77,21.01,-0.26,-0.09,-0.18,0.36,0
2024-09-05,0.82,7.0,0.8,20.12,0.08,-0.23,-0.65,0.26,2
2024-09-06,1.52,2.0,0.97,22.36,-0.02,-0.67,-2.31,0.03,2
2024-09-09,0.6,10.0,0.84,19.76,0.56,0.1,-1.2,0.62,0
2024-09-10,0.66,6.0,0.94,19.05,0.19,0.37,-0.68,0.95,1
2024-09-11,1.78,6.0,1.05,17.7,-0.02,1.56,0.35,0.99,1
2024-09-12,0.78,3.0,0.98,17.11,0.06,0.44,1.07,0.87,1
2024-09-13,0.43,6.0,0.74,16.38,0.14,0.09,1.67,0.75,1
2024-09-16,0.39,11.0,0.25,17.03,-0.01,0.26,1.8,0.98,1
2024-09-17,0.74,3.0,0.7,17.71,1.08,-0.18,2.83,0.34,0
2024-09-18,1.01,11.0,0.84,18.28,0.06,-0.34,2.6,0.12,0
2024-09-19,0.6,10.0,0.78,16.44,1.07,0.03,4.23,0.57,0
2024-09-20,0.5,7.0,0.75,16.07,-0.15,0.11,3.94,0.69,0
2024-09-23,0.29,0.0,0.62,15.84,0.23,0.05,4.13,0.63,1
2024-09-24,0.46,20.0,0.6,15.48,0.11,0.19,4.29,0.87,0
2024-09-25,0.41,4.0,0.54,15.54,0.0,-0.14,4.07,0.27,0
2024-09-26,0.65,6.0,0.75,15.54,0.53,0.01,4.51,0.5,0
2024-09-27,0.54,3.0,0.58,16.72,0.11,-0.13,4.34,0.37,0
2024-09-30,0.83,17.0,0.78,16.58,-0.14,0.5,4.59,0.97,1
2024-10-01,1.07,5.0,1.12,19.31,0.01,0.02,3.53,0.37,2
2024-10-02,0.66,12.0,0.7,19.0,-0.15,0.1,3.48,0.77,0
2024-10-03,0.62,14.0,0.78,20.5,-0.29,-0.02,3.12,0.43,0
2024-10-04,0.72,2.0,0.8,18.59,0.61,0.45,4.01,0.97,1
2024-10-07,0.78,7.0,0.8,22.7,-0.26,-0.4,2.89,0.2,2
2024-10-08,0.61,5.0,0.63,21.26,0.34,0.33,3.85,0.93,1
2024-10-09,0.75,2.0,0.7,20.82,0.0,0.35,4.46,0.95,1
2024-10-10,0.45,1.0,0.75,20.8,-0.13,0.07,4.08,0.58,1
2024-10-11,0.66,6.0,0.68,20.47,-0.05,0.16,4.56,0.88,1
2024-10-14,0.67,10.0,0.53,19.86,0.31,0.21,5.29,0.85,1
2024-10-15,0.94,1.0,0.94,20.53,0.05,-0.41,4.15,0.14,2
2024-10-16,0.61,2.0,0.74,19.6,0.04,0.27,4.4,0.85,1
2024-10-17,0.61,8.0,0.84,19.12,0.56,-0.23,4.17,0.05,0
2024-10-18,0.44,6.0,0.54,18.16,0.2,0.08,4.28,0.69,0
2024-10-21,0.67,1.0,0.73,18.54,-0.14,0.04,3.78,0.56,1
2024-10-22,0.66,7.0,0.81,18.05,-0.45,0.29,3.75,0.88,1
2024-10-23,1.18,1.0,1.11,19.41,-0.31,-0.13,2.47,0.48,2
2024-10-24,0.55,7.0,0.9,19.17,0.24,0.15,2.62,0.87,1
2024-10-25,1.04,1.0,1.01,20.37,0.24,-0.43,2.31,0.12,2
2024-10-28,0.35,17.0,0.71,19.85,0.59,-0.15,2.52,0.1,0
2024-10-29,0.73,8.0,0.81,19.67,-0.17,0.12,2.62,0.75,1
2024-10-30,0.67,2.0,0.84,20.29,-0.26,-0.35,2.11,0.06,2
2024-10-31,1.0,5.0,1.06,22.8,-0.62,-0.29,0.34,0.09,2
2024-11-01,0.8,1.0,0.95,22.0,0.27,-0.35,0.44,0.13,2
2024-11-04,0.73,2.0,0.97,22.24,-0.08,-0.2,0.04,0.32,2
2024-11-05,0.94,6.0,0.8,20.69,0.1,0.25,1.18,0.93,1
2024-11-06,1.01,3.0,0.8,16.41,1.82,0.43,3.76,0.87,1
2024-11-07,0.53,7.0,0.6,15.29,0.29,0.1,4.37,0.65,0
2024-11-08,0.52,5.0,0.61,15.05,-0.03,0.01,4.62,0.49,0
2024-11-11,0.47,5.0,0.55,15.07,0.23,-0.11,4.52,0.36,0
2024-11-12,0.75,5.0,0.69,14.81,0.0,-0.08,4.13,0.49,0
2024-11-13,0.66,5.0,0.76,14.14,-0.01,-0.13,3.94,0.4,0
2024-11-14,0.8,13.0,0.84,14.14,-0.07,-0.35,3.15,0.1,0
2024-11-15,1.0,6.0,0.96,16.09,-0.43,-0.04,1.74,0.38,2
2024-11-18,0.63,5.0,0.62,15.63,0.0,0.05,1.83,0.6,0
2024-11-19,1.09,1.0,0.62,16.21,-0.52,0.4,2.05,0.87,1
2024-11-20,0.93,1.0,0.83,17.34,-0.06,0.54,1.91,0.95,1
2024-11-21,1.15,1.0,1.01,16.85,0.39,0.42,2.36,0.84,1
2024-11-22,0.46,0.0,0.87,15.39,-0.02,0.14,2.51,0.85,1
2024-11-25,0.85,10.0,0.9,14.78,0.58,-0.07,2.68,0.42,0
2024-11-26,0.49,8.0,0.55,14.09,0.11,0.28,3.15,0.92,1
2024-11-27,0.54,2.0,0.59,14.15,-0.13,-0.04,2.56,0.41,0
2024-12-02,0.3,18.0,0.56,13.45,0.05,0.04,3.14,0.65,0
2024-12-03,0.29,7.0,0.51,13.3,-0.12,0.14,3.09,0.93,1
2024-12-04,0.49,8.0,0.61,13.49,0.2,0.22,3.56,0.88,1
2024-12-05,0.35,15.0,0.63,13.47,0.04,-0.17,3.25,0.0,0
2024-12-06,0.39,8.0,0.63,12.7,0.18,-0.01,3.36,0.42,0
2024-12-09,0.66,3.0,0.71,14.17,-0.03,-0.25,2.61,0.05,0
2024-12-10,0.63,13.0,0.68,14.37,0.18,-0.3,2.21,0.1,0
2024-12-11,0.54,1.0,0.59,13.65,0.43,0.05,2.98,0.7,1
2024-12-12,0.48,25.0,0.89,13.8,-0.11,-0.26,2.31,0.0,0
2024-12-13,0.79,1.0,0.77,13.76,0.36,-0.03,2.13,0.34,0
2024-12-16,0.48,12.0,0.22,14.5,0.41,-0.01,2.41,0.55,0
2024-12-17,0.45,7.0,0.65,15.57,0.96,0.07,3.18,0.69,0
2024-12-18,3.93,9.0,1.48,22.67,-0.01,-1.75,0.26,0.11,2
2024-12-19,1.16,19.0,1.14,23.42,0.95,-0.37,-0.07,0.19,2
2024-12-20,2.42,1.0,1.23,18.54,-0.4,0.1,0.7,0.63,2
2024-12-23,1.13,5.0,0.96,16.74,-0.03,0.66,1.44,0.98,1
2024-12-26,0.65,3.0,0.63,14.58,-0.28,0.17,2.29,0.83,1
2024-12-27,1.07,7.0,1.36,16.37,-0.59,0.12,0.91,0.54,2
2024-12-30,1.06,2.0,0.98,16.88,-1.07,0.25,0.04,0.73,1
2024-12-31,0.87,1.0,1.08,17.65,0.24,-0.36,-0.79,0.13,2
2025-01-02,1.52,3.0,1.2,18.02,0.42,-0.2,-0.94,0.38,2
2025-01-03,0.84,3.0,0.75,16.25,0.3,0.37,0.23,0.84,1
2025-01-06,0.86,7.0,0.84,16.2,0.62,-0.38,0.72,0.22,0
2025-01-07,1.45,5.0,1.39,18.15,0.2,-0.58,-0.44,0.16,2
2025-01-08,0.7,13.0,1.0,17.51,-0.05,0.26,-0.34,0.8,1
2025-01-10,1.03,4.0,1.09,19.51,-0.51,-0.15,-1.94,0.31,2
2025-01-13,0.84,2.0,0.93,19.18,-0.61,0.58,-1.82,0.98,1
2025-01-14,0.88,2.0,1.13,18.95,0.32,-0.01,-1.82,0.5,2
2025-01-15,0.64,2.0,0.81,16.24,0.97,0.2,0.03,0.77,1
2025-01-16,0.45,4.0,0.87,16.25,0.2,-0.12,-0.21,0.32,0
2025-01-17,0.5,2.0,0.66,16.01,0.81,0.04,0.66,0.62,1
2025-01-21,0.56,1.0,0.56,15.0,0.42,0.29,1.35,0.95,1
2025-01-22,0.31,8.0,0.5,15.17,0.36,-0.04,1.98,0.5,0
2025-01-23,0.47,2.0,0.55,14.85,-0.06,0.32,2.34,0.99,1
2025-01-24,0.54,4.0,0.64,14.8,0.04,-0.16,2.06,0.26,0
2025-01-27,0.69,3.0,0.95,18.24,-1.77,0.16,0.43,0.79,1
2025-01-28,1.03,2.0,0.71,16.29,0.1,0.45,1.49,0.95,1
2025-01-29,0.61,13.0,0.78,16.42,-0.06,-0.01,0.95,0.58,0
2025-01-30,0.75,7.0,0.9,15.79,0.3,0.29,1.48,0.8,1
2025-01-31,1.15,7.0,1.01,16.74,0.33,-0.64,0.78,0.09,2
2025-02-03,1.25,11.0,0.95,18.41,-1.16,0.27,0.05,0.76,1
2025-02-04,0.62,11.0,0.57,16.8,-0.01,0.21,0.67,0.91,1
2025-02-05,0.67,2.0,0.6,15.93,0.0,0.38,0.93,0.96,1
2025-02-06,0.47,9.0,0.57,15.28,0.19,0.22,1.3,0.96,1
2025-02-07,1.04,2.0,0.98,16.6,0.21,-0.42,0.28,0.08,2
2025-02-10,0.36,17.0,0.51,15.76,0.37,0.09,0.95,0.76,0
2025-02-11,0.44,5.0,0.55,16.03,-0.24,0.1,0.92,0.71,1
2025-02-12,0.79,5.0,0.82,15.81,-0.79,0.19,0.63,0.8,1
2025-02-13,0.84,11.0,0.73,15.04,0.13,0.51,1.65,0.98,1
2025-02-14,0.25,8.0,0.53,14.8,0.03,-0.01,1.65,0.51,0
2025-02-18,0.36,3.0,0.59,15.46,0.13,0.08,1.66,0.79,1
2025-02-19,0.52,1.0,0.58,15.19,-0.18,0.24,2.03,0.88,1
2025-02-20,0.66,0.0,0.84,15.39,-0.07,0.26,1.59,0.71,1
2025-02-21,1.52,6.0,1.13,18.37,0.02,-0.71,-0.14,0.07,2
2025-02-24,0.9,0.0,1.02,19.11,0.23,-0.33,-0.58,0.16,2
2025-02-25,1.14,2.0,1.33,19.78,-0.1,0.02,-1.21,0.51,2
2025-02-26,1.05,10.0,1.13,19.16,0.12,-0.27,-1.04,0.36,2
2025-02-27,1.72,1.0,1.41,21.18,0.26,-1.2,-2.58,0.0,2
2025-02-28,1.44,10.0,1.32,19.41,0.0,1.16,-1.21,0.98,1
2025-03-03,2.18,1.0,1.35,23.14,0.34,-1.17,-2.91,0.18,2
2025-03-04,1.58,1.0,1.41,24.08,-0.6,-0.09,-3.88,0.37,2
2025-03-05,1.35,8.0,1.11,21.83,-0.26,0.89,-2.76,0.89,1
2025-03-06,1.13,14.0,1.25,25.08,-0.8,-0.21,-4.44,0.33,2
2025-03-07,1.29,11.0,1.1,23.12,-0.35,0.8,-3.86,0.93,1
2025-03-10,1.51,8.0,1.3,27.92,-0.89,-0.42,-6.39,0.39,2
2025-03-11,1.1,9.0,1.23,27.03,-0.17,-0.05,-6.89,0.48,2
2025-03-12,0.95,3.0,0.93,23.96,0.49,0.09,-6.36,0.62,2
2025-03-13,0.94,6.0,0.97,25.12,0.01,-0.56,-7.68,0.14,2
2025-03-14,0.82,1.0,0.72,21.52,0.28,0.61,-5.49,0.99,1
2025-03-17,0.73,1.0,0.32,20.48,0.1,0.32,-4.74,0.69,1
2025-03-18,0.58,18.0,0.59,21.82,0.31,-0.05,-4.94,0.28,0
2025-03-19,0.93,7.0,0.69,20.06,0.13,0.25,-3.79,0.57,1
2025-03-20,0.77,1.0,0.66,19.81,-0.4,-0.12,-3.86,0.44,2
2025-03-21,0.59,3.0,0.6,19.33,-0.51,0.53,-3.89,0.99,1
2025-03-24,0.49,11.0,0.4,17.51,0.63,0.26,-2.0,0.9,1
2025-03-25,0.28,7.0,0.38,17.08,0.09,0.08,-1.87,0.61,0
2025-03-26,0.93,4.0,0.59,18.39,-0.05,-0.38,-2.94,0.2,2
2025-03-27,0.61,5.0,0.62,18.56,-0.15,-0.08,-3.13,0.48,0
2025-03-28,1.18,3.0,0.65,21.57,-0.2,-0.48,-5.07,0.12,2
2025-03-31,1.4,5.0,0.87,22.06,-0.51,1.02,-4.47,0.9,1
2025-04-01,0.94,3.0,0.87,21.87,-0.06,0.37,-4.15,0.76,1
2025-04-02,1.28,4.0,0.97,21.3,-0.61,0.58,-3.23,0.85,1
2025-04-03,1.0,12.0,0.95,29.36,-2.27,-0.8,-7.8,0.08,2
2025-04-04,1.8,11.0,1.22,43.59,-1.22,-1.75,-13.2,0.03,2
2025-04-07,3.27,0.0,1.54,48.06,-1.28,0.82,-13.17,0.55,2
2025-04-08,2.52,3.0,1.29,54.35,0.99,-2.9,-14.39,0.18,2
2025-04-09,3.48,3.0,1.26,33.4,-0.19,5.41,-5.73,0.95,1
2025-04-10,1.35,7.0,1.36,43.1,-0.6,0.24,-8.88,0.63,2
2025-04-11,0.88,1.0,0.86,37.45,-0.2,1.26,-6.88,0.9,1
2025-04-14,0.55,4.0,0.73,30.64,0.5,-0.12,-5.96,0.47,2
2025-04-15,0.35,18.0,0.62,29.82,0.06,-0.35,-5.91,0.18,2
2025-04-16,0.83,2.0,0.7,32.83,-0.34,-0.58,-7.94,0.35,2
2025-04-17,0.41,13.0,0.6,30.18,0.04,-0.25,-7.57,0.34,2
2025-04-21,0.77,1.0,0.55,33.56,-0.39,0.14,-9.56,0.41,2
2025-04-22,0.58,3.0,0.68,30.6,0.37,0.34,-7.04,0.72,2
2025-04-23,0.66,2.0,0.71,28.11,0.77,-0.44,-4.98,0.26,2
2025-04-24,0.69,5.0,0.6,26.55,0.06,0.72,-2.97,0.96,1
2025-04-25,0.42,2.0,0.54,25.15,-0.06,0.53,-2.15,0.94,1
2025-04-28,0.5,3.0,0.5,24.81,0.02,0.49,-1.76,0.8,1
2025-04-29,0.41,8.0,0.51,24.29,-0.08,0.36,-1.13,0.84,1
2025-04-30,0.9,3.0,0.71,24.63,-0.43,1.42,-0.65,1.0,1
2025-05-01,0.34,6.0,0.5,23.83,0.24,-0.28,0.17,0.19,0
2025-05-02,0.38,3.0,0.48,22.67,0.48,0.08,1.59,0.7,1
2025-05-05,0.32,5.0,0.39,23.68,-0.3,-0.2,1.14,0.33,0
2025-05-06,0.42,16.0,0.54,24.57,-0.34,-0.03,0.63,0.46,0
2025-05-07,0.53,16.0,0.59,23.87,0.09,0.25,1.0,0.68,0
2025-05-08,0.6,3.0,0.63,22.67,0.26,-0.29,1.77,0.38,0
2025-05-09,0.33,11.0,0.55,22.09,0.1,-0.1,1.72,0.31,0
2025-05-12,0.41,15.0,0.66,18.44,1.22,0.34,4.97,0.87,0
2025-05-13,0.44,16.0,0.53,18.25,0.04,0.01,5.96,0.7,0
2025-05-14,0.25,3.0,0.61,18.54,0.07,0.08,6.04,0.66,0
2025-05-15,0.44,2.0,0.61,18.02,-0.16,0.19,6.27,0.73,1
2025-05-16,0.39,2.0,0.49,17.28,0.05,0.39,7.02,0.93,1
2025-05-19,0.58,6.0,0.57,18.06,-0.47,0.29,7.04,0.88,1
2025-05-20,0.35,9.0,0.65,18.0,-0.09,-0.01,6.54,0.63,0
2025-05-21,0.88,4.0,1.11,20.36,-0.3,-0.7,4.8,0.16,2
2025-05-22,0.42,7.0,0.8,20.21,0.02,-0.12,4.62,0.34,0
2025-05-23,0.53,9.0,0.83,22.67,-0.62,0.0,3.66,0.51,0
2025-05-27,0.59,5.0,0.46,19.14,0.62,0.35,5.58,0.9,1
2025-05-28,0.48,14.0,0.62,19.33,0.0,-0.4,5.02,0.1,0
2025-05-29,0.62,3.0,0.77,18.97,0.44,-0.02,5.24,0.47,0
2025-05-30,0.68,10.0,0.86,18.63,-0.06,0.5,5.29,0.93,1
2025-06-02,0.67,8.0,0.56,18.53,-0.17,0.47,5.47,0.91,1
2025-06-03,0.46,1.0,0.55,17.74,-0.07,0.23,6.12,0.83,1
2025-06-04,0.22,0.0,0.55,17.53,0.1,-0.13,6.01,0.3,0
2025-06-05,0.73,6.0,1.12,18.58,0.15,-0.42,5.35,0.24,0
2025-06-06,0.38,12.0,0.7,16.82,0.49,0.06,6.42,0.65,0
2025-06-09,0.26,3.0,0.53,17.02,0.04,0.01,6.41,0.58,0
2025-06-10,0.43,14.0,0.67,16.78,0.07,0.23,6.77,0.83,0
2025-06-11,0.58,5.0,0.97,17.51,0.18,-0.22,6.33,0.34,0
2025-06-12,0.42,15.0,0.74,18.06,-0.16,0.11,6.5,0.85,0
2025-06-13,0.66,11.0,0.74,21.45,-0.53,-0.44,5.07,0.08,0
2025-06-16,0.42,2.0,0.39,19.15,0.8,-0.04,7.07,0.55,0
2025-06-17,0.51,4.0,0.62,21.19,-0.29,-0.3,6.02,0.25,0
2025-06-18,0.48,8.0,0.68,20.26,0.08,-0.27,5.57,0.22,0
2025-06-20,0.7,9.0,0.74,20.52,0.2,-0.13,4.6,0.27,0
2025-06-23,0.9,4.0,0.81,20.0,0.03,0.61,5.55,0.98,1
2025-06-24,0.48,4.0,0.48,17.55,0.42,0.2,6.56,0.83,1
2025-06-25,0.3,5.0,0.54,16.76,0.11,-0.05,6.2,0.46,0
2025-06-26,0.42,2.0,0.49,16.39,0.22,0.24,6.83,0.94,1
2025-06-27,0.6,6.0,0.71,16.32,0.15,0.11,6.98,0.69,0
2025-06-30,0.46,5.0,0.71,16.6,0.31,0.29,7.32,0.84,1
2025-07-01,0.39,9.0,0.79,16.68,-0.12,0.1,6.87,0.74,0
2025-07-02,0.44,8.0,0.5,16.61,0.0,0.24,6.91,0.99,1
2025-07-07,0.77,1.0,0.89,17.79,-0.27,-0.07,5.82,0.44,0
2025-07-08,0.32,2.0,0.74,16.81,0.14,-0.05,5.78,0.35,0
2025-07-09,0.52,3.0,0.8,15.88,0.29,0.22,6.13,0.84,1
2025-07-10,0.5,1.0,0.62,15.77,-0.03,0.09,6.1,0.68,1
2025-07-11,0.45,10.0,0.65,16.25,-0.38,0.06,5.52,0.75,0
2025-07-14,0.46,4.0,0.56,17.26,-0.04,0.17,5.36,0.85,1
2025-07-15,0.69,4.0,0.85,17.1,0.39,-0.3,4.79,0.01,0
2025-07-16,0.9,10.0,1.09,17.09,0.28,0.39,4.8,0.95,1
2025-07-17,0.58,3.0,0.6,16.64,0.04,0.24,5.2,0.91,1
2025-07-18,0.44,15.0,0.62,16.46,0.16,0.01,4.86,0.41,0
2025-07-21,0.44,15.0,0.61,16.71,0.15,-0.28,4.76,0.06,0
2025-07-22,0.5,6.0,0.79,16.49,0.0,0.2,4.61,0.88,1
2025-07-23,0.59,6.0,0.77,15.48,0.41,0.29,5.08,0.95,1
2025-07-24,0.32,13.0,0.66,15.37,-0.03,-0.02,5.06,0.45,0
2025-07-25,0.43,1.0,0.49,15.04,0.02,0.09,5.15,0.72,1
2025-07-28,0.39,3.0,0.63,15.14,0.07,-0.02,4.95,0.5,0
2025-07-29,0.69,2.0,0.77,16.01,0.22,-0.2,4.48,0.16,0
2025-07-30,1.0,11.0,0.77,16.25,0.13,-0.2,4.08,0.35,0
2025-07-31,1.47,4.0,1.46,17.08,0.24,-0.72,3.53,0.06,2
2025-08-01,1.1,1.0,1.58,20.7,-0.85,-0.01,1.86,0.41,2
2025-08-04,0.79,2.0,0.66,17.73,0.51,0.24,3.13,0.94,1
2025-08-05,0.78,8.0,1.02,17.85,0.0,-0.15,2.55,0.21,0
2025-08-06,0.76,4.0,0.83,16.73,0.08,0.25,3.08,0.82,1
2025-08-07,1.14,1.0,1.07,17.04,0.53,-0.21,2.65,0.26,2
2025-08-08,0.55,11.0,0.67,15.43,0.12,0.11,3.42,0.82,0
2025-08-11,0.61,6.0,0.59,16.31,-0.13,-0.37,2.88,0.01,0
2025-08-12,0.89,3.0,0.63,14.8,0.38,0.43,3.99,0.96,1
2025-08-13,0.51,13.0,0.65,14.4,0.32,0.14,4.17,0.66,0
2025-08-14,0.49,13.0,0.69,14.68,-0.28,0.24,4.08,0.99,1
2025-08-15,0.54,2.0,0.64,15.07,0.22,-0.11,3.49,0.23,0
2025-08-18,0.27,4.0,0.51,14.96,-0.06,0.09,3.38,0.86,1
2025-08-19,0.88,2.0,0.78,15.73,-0.04,-0.31,2.45,0.11,0
2025-08-20,1.06,4.0,1.17,15.59,-0.09,0.38,2.2,0.82,1
2025-08-21,0.65,1.0,0.83,16.66,-0.28,-0.02,1.63,0.49,1
2025-08-22,1.46,15.0,0.76,14.27,0.26,0.14,2.94,0.83,1
2025-08-25,0.29,11.0,0.44,14.69,-0.21,-0.13,2.54,0.05,0
2025-08-26,0.56,11.0,0.53,14.89,-0.12,0.32,2.67,0.99,1
2025-08-27,0.45,13.0,0.47,14.87,-0.18,0.18,2.83,0.97,0
2025-08-28,0.65,6.0,0.57,14.25,0.1,0.3,2.99,0.95,1
2025-08-29,0.74,4.0,0.68,15.51,-0.28,-0.09,1.96,0.22,0
2025-09-02,0.82,3.0,0.88,17.56,-1.14,0.42,1.07,1.0,1
2025-09-03,0.57,7.0,0.77,16.46,0.15,0.14,1.5,0.71,1
2025-09-04,0.81,5.0,0.71,15.47,0.08,0.43,2.24,0.98,1
2025-09-05,1.37,22.0,1.24,15.28,0.29,0.02,1.8,0.4,0
2025-09-08,0.4,10.0,0.69,15.24,0.24,0.02,1.96,0.56,0
2025-09-09,0.58,17.0,0.73,15.07,-0.01,0.29,2.19,0.99,0
2025-09-10,0.62,7.0,0.84,15.34,0.4,-0.05,2.33,0.47,0
2025-09-11,0.76,1.0,0.79,14.74,0.32,0.2,3.08,0.9,1
2025-09-12,0.36,6.0,0.66,14.73,-0.03,0.01,2.96,0.48,0
2025-09-15,0.3,11.0,0.18,15.68,0.36,0.02,3.21,0.64,0
2025-09-16,0.44,8.0,0.56,16.28,1.12,0.03,4.0,0.45,0
2025-09-17,1.28,14.0,1.08,15.82,-0.04,0.08,3.73,0.69,0
2025-09-18,0.8,1.0,0.99,15.74,0.37,-0.06,4.07,0.47,0
2025-09-19,0.74,13.0,0.67,15.54,0.24,0.31,4.48,0.91,1
2025-09-22,0.86,1.0,0.64,15.99,-0.26,0.31,4.78,0.98,1
2025-09-23,0.92,7.0,0.96,16.78,0.07,-0.18,4.03,0.27,0
2025-09-24,0.85,2.0,0.94,16.4,0.18,-0.11,3.53,0.29,0
2025-09-25,0.86,4.0,1.21,16.8,-0.66,0.07,2.88,0.68,1
2025-09-26,0.76,0.0,0.95,15.4,0.2,0.22,3.32,0.82,1
2025-09-29,0.58,2.0,0.83,16.08,0.35,-0.05,3.47,0.44,0
2025-09-30,0.87,11.0,0.9,16.04,-0.11,0.47,3.8,0.96,1
2025-10-01,1.1,3.0,0.73,16.13,-0.33,0.35,4.01,0.9,1
2025-10-02,0.65,6.0,0.77,16.63,0.4,0.05,3.88,0.56,0
2025-10-03,0.78,16.0,0.93,16.44,0.08,-0.21,3.79,0.24,0
2025-10-06,0.54,11.0,0.67,16.32,0.46,0.1,4.08,0.79,0
2025-10-07,0.96,2.0,1.07,17.17,0.14,-0.06,3.54,0.3,2
2025-10-08,0.68,2.0,0.63,16.25,0.12,0.18,4.02,0.97,1
2025-10-09,0.86,6.0,0.93,16.47,0.04,-0.01,3.54,0.37,0
2025-10-10,3.8,1.0,1.84,22.31,0.16,-1.46,0.67,0.03,2
2025-10-13,0.74,12.0,0.98,18.91,0.97,0.18,2.11,0.72,0
2025-10-14,1.87,8.0,1.18,20.68,-0.84,0.18,1.74,0.68,2
2025-10-15,1.59,3.0,1.24,20.95,0.72,-0.28,1.86,0.39,2
2025-10-16,1.59,3.0,1.53,24.58,0.22,-0.38,1.33,0.32,2
2025-10-17,1.01,4.0,1.18,21.3,0.03,0.43,1.77,0.83,1
2025-10-20,0.63,7.0,0.5,18.26,0.29,0.17,2.76,0.88,1
2025-10-21,0.38,15.0,0.62,17.57,-0.03,0.08,2.72,0.73,0
2025-10-22,1.13,6.0,1.09,18.62,0.14,0.02,1.92,0.51,2
2025-10-23,0.63,5.0,0.63,17.3,0.0,0.18,2.41,0.77,1
2025-10-24,0.37,15.0,0.47,16.41,0.58,0.0,3.19,0.65,0
2025-10-27,0.45,8.0,0.38,15.81,0.73,0.28,4.27,0.96,1
2025-10-28,0.53,13.0,0.49,16.43,0.2,0.11,4.41,0.61,0
2025-10-29,0.9,16.0,0.58,17.12,0.23,-0.1,4.13,0.54,0
2025-10-30,0.78,3.0,0.74,17.35,-0.37,-0.48,3.02,0.03,0
2025-10-31,0.76,8.0,0.74,17.29,0.36,0.07,3.26,0.64,0
2025-11-03,0.77,0.0,0.56,17.29,0.47,0.03,3.1,0.52,1
2025-11-04,0.71,1.0,0.76,18.89,-0.98,-0.3,1.73,0.05,2
2025-11-05,0.87,1.0,0.57,17.65,-0.06,0.05,2.18,0.65,1
2025-11-06,1.1,10.0,1.09,19.65,-0.12,-0.25,0.85,0.21,2
2025-11-07,1.15,7.0,1.15,19.47,-0.44,0.72,0.71,1.0,1
2025-11-10,0.88,4.0,0.68,17.76,0.66,0.46,2.29,0.9,1
2025-11-11,0.59,2.0,0.62,17.28,-0.24,0.3,2.39,0.86,1
2025-11-12,0.49,10.0,0.72,17.53,0.15,0.04,2.29,0.57,0
2025-11-13,1.29,2.0,1.24,20.84,-0.4,-0.55,0.38,0.09,2
2025-11-14,1.49,2.0,1.32,20.13,-1.01,0.05,0.32,0.69,2
2025-11-17,1.35,6.0,1.15,22.37,-0.35,-0.47,-0.71,0.29,2
2025-11-18,1.05,8.0,1.4,24.03,-0.49,0.06,-1.4,0.59,2
2025-11-19,0.96,3.0,1.06,23.39,0.1,0.1,-1.17,0.52,2
2025-11-20,2.63,2.0,1.53,26.2,1.12,-1.5,-2.71,0.05,2
2025-11-21,1.41,4.0,1.24,23.73,0.25,0.12,-1.94,0.56,2
2025-11-24,0.84,1.0,0.68,20.45,0.3,0.45,-0.31,0.96,1
2025-11-25,1.16,3.0,0.76,18.49,-0.07,0.76,0.55,0.96,1
2025-11-26,0.5,1.0,0.56,17.19,0.22,0.08,1.15,0.71,1
2025-12-01,0.44,8.0,0.58,17.34,-0.45,-0.15,0.94,0.27,0
2025-12-02,0.48,8.0,0.68,16.57,0.19,-0.02,1.16,0.52,0
2025-12-03,0.57,9.0,0.52,16.09,-0.11,0.2,1.45,0.8,1
2025-12-04,0.44,1.0,0.62,15.82,0.13,0.05,1.39,0.62,1
2025-12-05,0.43,6.0,0.62,15.42,0.11,-0.17,1.49,0.15,0
2025-12-08,0.58,12.0,0.46,16.85,0.06,-0.15,1.03,0.19,0
2025-12-09,0.32,6.0,0.49,16.89,-0.05,-0.19,1.01,0.06,0
2025-12-10,0.93,7.0,0.71,15.75,-0.04,0.52,1.7,0.85,1
2025-12-11,0.86,3.0,0.67,15.02,-0.28,0.36,1.72,0.88,1
2025-12-12,1.16,4.0,0.96,15.92,-0.2,-0.23,0.63,0.26,2
2025-12-15,0.77,0.0,0.27,16.59,0.42,-0.07,0.51,0.26,0
2025-12-16,0.75,3.0,0.82,16.28,0.45,0.27,1.15,0.8,1
2025-12-17,1.14,1.0,0.82,17.85,0.15,-0.59,-0.19,0.01,2
2025-12-18,0.71,7.0,1.04,16.62,0.53,-0.09,0.67,0.4,0
2025-12-19,0.56,15.0,0.49,15.13,0.3,0.09,1.38,0.81,0
2025-12-22,0.33,8.0,0.51,14.09,0.38,0.09,2.01,0.75,0
2025-12-23,0.52,1.0,0.43,13.86,-0.14,0.26,2.38,0.98,1
2025-12-26,0.31,7.0,0.43,13.56,0.04,-0.02,2.46,0.37,0
2025-12-29,0.41,6.0,0.6,14.14,-0.35,0.05,2.03,0.58,0
2025-12-30,0.28,2.0,0.45,14.19,-0.06,-0.03,1.85,0.38,0
2025-12-31,0.71,11.0,0.58,14.84,0.0,-0.26,1.12,0.14,0
2026-01-02,1.01,7.0,1.18,14.64,0.42,-0.08,0.91,0.34,2
2026-01-05,0.43,10.0,0.74,14.97,0.43,-0.12,1.59,0.25,0
2026-01-06,0.65,7.0,0.65,14.7,0.03,0.3,2.24,0.94,1
2026-01-07,0.67,3.0,0.87,15.38,0.03,-0.37,1.77,0.05,0
2026-01-08,0.46,1.0,1.01,15.5,-0.09,0.07,1.75,0.71,1
2026-01-09,0.9,3.0,0.89,14.5,0.09,0.23,2.4,0.84,1
2026-01-12,0.83,2.0,0.62,15.06,-0.5,0.21,2.52,0.88,1
2026-01-13,0.69,1.0,1.07,16.0,0.03,-0.02,2.19,0.43,1
2026-01-14,0.83,4.0,1.37,16.71,-0.42,0.24,1.64,0.7,1
2026-01-15,0.62,15.0,1.0,15.86,0.64,-0.29,1.87,0.13,0
2026-01-16,0.6,2.0,1.0,15.76,0.22,-0.05,1.84,0.47,0
2026-01-20,1.14,8.0,1.11,20.68,-1.45,-0.59,-0.42,0.08,2
2026-01-21,1.5,4.0,1.49,17.05,0.19,0.35,0.74,0.66,2
2026-01-22,0.58,10.0,0.84,15.62,0.5,-0.06,1.22,0.45,0
2026-01-23,0.53,8.0,0.77,15.71,-0.13,0.01,1.19,0.54,0
2026-01-26,0.6,8.0,0.55,16.1,0.27,-0.01,1.68,0.69,0
2026-01-27,0.41,5.0,0.48,16.28,0.19,0.04,2.06,0.73,1
2026-01-28,0.57,7.0,0.59,16.41,0.22,0.03,2.05,0.54,0
2026-01-29,1.7,3.0,1.05,16.87,0.07,0.58,1.68,0.76,1
2026-01-30,0.95,11.0,0.89,17.51,-0.31,0.09,1.24,0.67,1
2026-02-02,1.0,5.0,0.58,16.43,-0.26,0.12,1.7,0.82,1
2026-02-03,1.64,5.0,1.1,18.01,0.06,-0.06,0.69,0.42,2
2026-02-04,1.18,7.0,1.12,19.12,0.09,-0.08,0.1,0.45,2
2026-02-05,0.96,3.0,0.86,21.77,-0.83,-0.28,-1.28,0.21,2
2026-02-06,1.33,3.0,0.6,17.51,0.46,0.7,0.69,0.94,1
2026-02-09,0.82,1.0,0.52,17.32,-0.12,0.14,1.02,0.81,1
2026-02-10,0.49,13.0,0.69,17.88,0.04,-0.35,0.62,0.03,0
2026-02-11,0.89,0.0,0.88,17.65,0.41,-0.04,0.61,0.41,1
2026-02-12,1.68,1.0,1.12,20.65,0.21,-0.78,-1.01,0.08,2
2026-02-13,0.95,8.0,0.89,20.93,-0.05,-0.22,-1.12,0.42,2
2026-02-17,1.0,9.0,1.02,20.41,-0.19,0.25,-0.97,0.71,1
2026-02-18,0.69,13.0,0.69,19.35,0.13,0.06,-0.3,0.66,0
2026-02-19,0.51,11.0,0.83,20.4,-0.24,0.0,-0.77,0.52,0
2026-02-20,0.92,4.0,1.1,19.16,-0.28,0.3,-0.07,0.87,1
2026-02-23,1.08,2.0,1.01,21.59,-0.22,-0.34,-1.22,0.09,2
2026-02-24,0.93,6.0,0.83,19.51,-0.12,0.31,-0.32,0.9,1
2026-02-25,0.41,5.0,0.6,17.94,0.32,0.26,0.52,0.91,1
2026-02-26,0.99,1.0,1.12,18.69,-0.01,0.14,-0.15,0.52,2
2026-02-27,0.51,14.0,0.94,20.02,-0.69,0.15,-0.73,0.81,1
2026-03-02,1.18,7.0,0.81,21.14,-0.82,0.31,-0.53,0.84,1
2026-03-03,1.41,8.0,1.07,23.53,-1.18,0.55,-1.57,0.8,2
2026-03-04,0.78,10.0,0.69,21.18,0.18,0.17,-0.75,0.83,1
2026-03-05,1.02,9.0,1.16,23.46,-0.37,0.17,-1.49,0.54,2
2026-03-06,0.65,18.0,1.02,29.57,-0.76,-0.2,-2.77,0.4,2
2026-03-09,1.75,4.0,0.86,25.42,-0.58,1.26,-1.93,0.87,1
2026-03-10,0.81,8.0,1.0,25.67,0.03,-0.4,-2.07,0.21,2
2026-03-11,0.63,7.0,0.8,24.41,-0.07,0.04,-2.06,0.44,2
2026-03-12,0.52,17.0,0.93,26.96,-0.47,-0.39,-3.46,0.03,2
2026-03-13,1.05,1.0,0.89,27.3,0.29,-0.55,-4.01,0.08,2
2026-03-16,0.47,3.0,0.3,23.85,0.63,-0.05,-2.95,0.38,0
2026-03-17,0.41,13.0,0.45,22.46,0.77,-0.18,-1.9,0.17,0
2026-03-18,0.77,8.0,0.69,24.45,-0.26,-0.64,-3.15,0.05,2
2026-03-19,0.74,4.0,0.81,24.41,-0.33,0.31,-3.34,0.65,1
2026-03-20,1.11,4.0,0.75,27.28,-0.26,-0.49,-4.77,0.29,2
2026-03-23,0.81,9.0,0.67,25.93,0.75,-0.3,-3.47,0.28,2
2026-03-24,0.61,6.0,0.68,26.98,-0.36,-0.17,-3.93,0.4,2
2026-03-25,0.58,1.0,0.53,25.42,0.44,-0.15,-3.28,0.34,2
2026-03-26,0.87,2.0,0.51,28.18,-0.42,-0.82,-4.85,0.04,2
2026-03-27,0.84,4.0,0.49,31.0,-0.51,-0.63,-6.34,0.16,2
2026-03-30,0.93,1.0,0.5,30.25,0.55,-0.4,-6.52,0.28,2
2026-03-31,1.15,2.0,0.6,25.4,0.66,0.85,-3.8,0.87,1
2026-04-01,0.46,9.0,0.48,24.74,0.28,-0.12,-2.93,0.35,0
2026-04-02,1.05,1.0,0.61,24.2,-0.76,0.45,-2.79,0.83,1
2026-04-06,0.37,0.0,0.52,24.32,-0.01,0.12,-2.27,0.63,1
2026-04-07,0.7,3.0,0.82,26.37,-0.16,0.55,-2.13,0.92,1
2026-04-08,0.48,4.0,0.62,21.28,1.41,0.07,0.42,0.64,1
2026-04-09,0.61,2.0,0.67,19.54,-0.06,0.33,1.18,0.84,1
2026-04-10,0.31,3.0,0.59,19.45,0.13,-0.17,1.05,0.16,0
2026-04-13,0.83,5.0,0.62,18.97,-0.18,0.79,2.11,0.98,1
2026-04-14,0.6,6.0,0.51,18.41,0.12,0.27,3.29,0.89,1
2026-04-15,0.52,8.0,0.54,18.0,0.1,0.43,4.22,0.98,1
2026-04-16,0.37,10.0,0.66,17.82,0.14,0.15,4.39,0.74,0
2026-04-17,0.62,5.0,0.69,17.41,0.41,0.06,5.59,0.66,0
2026-04-20,0.34,10.0,0.58,19.02,-0.15,0.01,5.17,0.53,0
2026-04-21,0.8,1.0,0.97,20.34,0.14,-0.4,4.51,0.18,2
2026-04-22,0.29,2.0,0.57,18.7,0.23,0.17,5.47,0.91,1
2026-04-23,0.95,3.0,1.05,19.25,-0.11,-0.03,4.97,0.58,1
2026-04-24,0.52,3.0,0.63,18.53,0.27,0.28,5.76,0.92,1
2026-04-27,0.33,2.0,0.47,18.14,-0.06,0.19,5.82,0.88,1
2026-04-28,0.36,5.0,0.63,17.93,-0.32,0.14,5.19,0.7,1
2026-04-29,0.38,15.0,0.61,18.46,-0.1,0.12,4.99,0.73,0
2026-04-30,0.96,7.0,0.74,17.01,0.63,0.65,6.07,0.92,1
2026-05-01,0.42,0.0,0.68,16.88,0.2,-0.23,6.21,0.07,0
2026-05-04,0.74,3.0,0.79,18.31,-0.04,-0.13,5.57,0.37,0
2026-05-05,0.37,3.0,0.42,17.48,0.44,0.04,6.32,0.57,0
2026-05-06,0.72,2.0,0.56,17.34,0.43,0.44,7.82,1.0,1
2026-05-07,0.67,8.0,0.94,17.17,0.05,-0.23,7.15,0.21,0
2026-05-08,0.38,7.0,0.57,17.1,0.28,0.05,7.88,0.73,0
2026-05-11,0.46,8.0,0.59,18.36,-0.11,0.01,8.0,0.63,0
2026-05-12,0.76,7.0,0.91,18.0,-0.22,0.5,7.69,0.93,1
2026-05-13,0.92,2.0,0.65,17.86,0.1,0.35,8.1,0.83,1
2026-05-14,0.66,1.0,0.72,17.36,0.09,0.12,8.71,0.75,1
2026-05-15,0.61,4.0,0.87,18.26,-0.74,-0.25,7.13,0.19,0
2026-05-18,0.88,5.0,1.05,17.85,0.2,0.1,6.77,0.58,1
2026-05-19,0.67,4.0,0.96,18.21,-0.38,-0.17,5.85,0.26,0
2026-05-20,0.89,2.0,0.82,17.37,0.22,0.31,6.78,0.86,1
2026-05-21,0.86,2.0,0.92,16.68,-0.26,0.32,6.79,0.69,1
2026-05-22,0.5,3.0,0.63,16.78,0.31,-0.15,6.98,0.29,0
2026-05-26,0.43,11.0,0.55,16.93,0.45,0.07,7.14,0.58,0
2026-05-27,0.36,8.0,0.66,16.38,0.07,0.05,7.11,0.68,0
2026-05-28,0.7,9.0,0.54,15.65,-0.09,0.26,7.5,0.93,1
2026-05-29,0.39,5.0,0.73,15.31,0.01,0.01,7.43,0.57,0
2026-06-01,0.67,5.0,0.63,16.03,-0.16,0.15,7.35,0.62,0
2026-06-02,0.44,2.0,0.46,15.8,-0.21,0.1,7.2,0.77,1
2026-06-03,0.64,7.0,0.66,16.02,-0.23,-0.12,6.22,0.23,0
2026-06-04,0.85,1.0,0.52,15.22,-0.23,0.3,6.29,0.83,1
2026-06-05,2.09,3.0,1.25,19.81,-0.56,-0.81,3.36,0.18,2
2026-06-08,0.81,8.0,0.9,18.74,0.98,-0.37,3.18,0.16,0
2026-06-09,2.65,1.0,1.45,19.8,0.49,0.31,2.49,0.57,2
2026-06-10,1.29,12.0,1.0,21.96,-0.31,-0.73,0.83,0.09,2
2026-06-11,1.53,5.0,1.07,19.56,0.36,1.03,2.15,0.85,1
2026-06-12,0.89,16.0,0.7,17.78,0.16,0.23,2.47,0.73,0
2026-06-15,0.48,1.0,0.37,16.11,1.48,-0.07,4.77,0.44,0
2026-06-16,0.48,11.0,0.63,16.18,0.0,-0.22,4.16,0.21,0
2026-06-17,1.24,7.0,0.88,18.3,0.13,-0.81,2.54,0.18,2
2026-06-18,0.43,0.0,0.57,16.38,0.78,0.25,3.4,0.89,1
2026-06-22,0.68,1.0,0.65,17.27,-0.03,-0.17,2.51,0.19,0
2026-06-23,0.72,0.0,0.8,19.29,-1.09,-0.11,1.24,0.43,2
2026-06-24,0.86,5.0,0.9,19.57,0.08,-0.33,0.77,0.23,2
2026-06-25,0.94,0.0,1.04,19.08,0.21,-0.21,0.57,0.3,2
2026-06-26,0.93,8.0,0.7,18.32,-0.54,0.06,0.51,0.65,1
2026-06-29,0.88,2.0,0.64,17.59,0.42,0.36,1.35,0.9,1
2026-06-30,0.68,5.0,0.42,16.31,0.02,0.32,2.15,0.9,1
2026-07-01,0.69,5.0,0.47,16.38,-0.13,-0.05,1.84,0.55,0
2026-07-02,1.1,4.0,0.79,16.16,0.19,-0.15,1.45,0.4,0
2026-07-06,0.49,7.0,0.4,15.67,0.39,0.12,2.08,0.74,0
2026-07-07,0.57,7.0,0.52,16.07,-0.15,0.01,1.64,0.45,0
2026-07-08,0.66,22.0,0.57,16.65,-0.44,0.31,1.19,0.92,0
2026-07-09,0.65,2.0,0.41,15.79,0.22,0.28,1.84,0.86,1
2026-07-10,0.75,11.0,0.45,15.02,0.02,0.32,2.24,0.95,1
2026-07-13,0.6,7.0,0.53,17.1,-0.28,-0.22,1.34,0.24,0
2026-07-14,0.49,11.0,0.5,16.42,0.2,0.1,1.58,0.74,0
2026-07-15,0.56,9.0,0.66,15.64,0.24,0.13,1.79,0.78,1
2026-07-16,0.7,4.0,0.62,16.62,-0.19,-0.22,1.14,0.37,0
2026-07-17,0.7,0.0,0.72,18.35,-0.87,-0.1,0.14,0.49,1
2026-07-20,0.78,8.0,0.67,18.58,0.49,-0.4,-0.21,0.07,0
