Date,Macro_Rng_Ratio,Macro_IB_Ext,Macro_Ses_RVol,Macro_VIX,Macro_Gap,Macro_VwP_D,Macro_SMA_D,Macro_Auc_V,Regime_Label
2019-05-07,0.0,1.0,0.84,18.7,0.0,0.48,0.0,0.0,2
2019-05-08,1.83,2.0,1.46,22.86,-0.93,0.24,0.0,0.54,0
2019-05-09,1.63,2.0,1.43,22.52,-0.81,0.01,0.0,0.53,0
2019-05-10,5.32,1.0,1.61,22.03,-3.84,0.61,0.0,0.83,0
2019-05-13,3.87,2.0,1.37,19.1,-0.59,1.17,0.0,0.87,0
2019-05-14,4.43,2.0,1.22,25.25,-6.83,-0.64,0.0,0.02,0
2019-05-15,3.53,1.0,0.69,22.23,1.8,0.05,0.0,0.67,0
2019-05-16,7.47,0.0,0.78,19.92,-2.34,0.66,0.0,0.95,0
2019-05-17,5.09,0.0,0.93,18.4,-0.38,0.0,0.0,0.69,0
2019-05-20,4.23,2.0,1.44,19.39,-3.15,-0.61,0.0,0.05,0
2019-05-21,4.72,0.0,1.68,21.64,-6.23,-0.15,0.0,0.41,0
2019-05-22,3.01,1.0,1.2,19.58,2.97,0.07,0.0,0.63,0
2019-05-23,2.25,0.0,0.91,19.84,-1.79,-0.2,0.0,0.16,0
2019-05-24,2.1,1.0,1.98,21.31,-2.23,0.08,0.0,0.59,0
2019-05-28,3.55,1.0,1.16,20.63,1.92,-0.26,0.0,0.2,0
2019-05-29,3.9,1.0,1.36,21.83,0.57,-0.45,0.0,0.15,0
2019-05-30,2.45,0.0,1.8,22.23,-1.71,-0.12,0.0,0.41,0
2019-05-31,2.77,1.0,1.29,21.68,1.12,0.16,0.0,0.76,0
2019-06-03,3.23,2.0,1.52,23.23,-4.88,-0.35,0.0,0.08,0
2019-06-04,3.37,1.0,2.35,24.22,-0.34,-0.49,0.0,0.29,0
2019-06-05,1.02,1.0,1.04,21.49,0.36,1.0,0.0,0.99,2
2019-06-06,0.59,0.0,0.94,20.87,0.37,0.37,0.0,0.84,2
2019-06-07,0.63,2.0,0.73,20.32,0.06,0.5,0.0,0.8,2
2019-06-10,0.94,0.0,0.8,19.93,0.25,0.13,0.0,0.78,2
2019-06-11,0.71,0.0,0.83,19.98,0.32,-0.2,0.0,0.43,2
2019-06-12,0.71,1.0,0.77,20.22,0.47,-0.28,0.0,0.24,2
2019-06-13,0.34,1.0,0.55,20.58,-0.14,-0.09,0.0,0.25,2
2019-06-14,0.32,0.0,0.53,20.03,0.21,0.16,0.0,0.73,2
2019-06-17,0.33,1.0,0.25,19.85,-0.33,0.01,0.0,0.44,2
2019-06-18,0.42,0.0,0.08,20.04,0.14,0.04,0.0,0.72,2
2019-06-19,0.7,0.0,0.75,19.51,0.79,-0.1,0.0,0.52,2
2019-06-20,0.6,1.0,0.75,18.8,0.03,0.4,0.0,0.87,2
2019-06-21,0.7,1.0,0.74,18.71,0.72,0.26,0.0,0.71,2
2019-06-24,0.49,3.0,1.01,19.18,-0.17,-0.2,0.0,0.21,2
2019-06-25,0.21,0.0,0.55,19.46,0.13,-0.06,0.0,0.36,2
2019-06-26,1.1,1.0,1.08,20.77,-0.08,-0.59,0.0,0.14,2
2019-06-27,0.57,1.0,0.86,20.46,0.31,-0.34,0.0,0.1,2
2019-06-28,0.3,0.0,0.62,20.07,0.24,0.07,0.0,0.72,2
2019-07-01,0.48,1.0,0.76,19.76,0.08,0.46,0.0,0.99,2
2019-07-02,0.73,1.0,0.98,17.64,0.9,-0.05,0.0,0.36,2
2019-07-03,0.57,1.0,0.83,16.29,-0.01,0.54,0.0,0.96,2
2019-07-08,0.69,1.0,0.98,16.47,-0.49,0.19,0.0,0.65,2
2019-07-09,0.33,0.0,0.78,17.77,-0.27,0.04,0.0,0.58,2
2019-07-10,0.78,1.0,1.11,17.42,-0.25,0.3,0.0,0.86,2
2019-07-11,0.57,0.0,1.51,16.43,0.41,0.19,0.0,0.69,2
2019-07-12,0.53,1.0,1.59,16.64,0.1,-0.14,0.0,0.39,2
2019-07-15,0.4,1.0,0.99,16.25,0.07,0.19,0.0,0.83,2
2019-07-16,0.27,1.0,0.89,16.22,0.21,0.14,0.0,0.83,2
2019-07-17,0.57,1.0,1.11,16.66,-0.08,-0.18,0.0,0.28,2
2019-07-18,0.73,1.0,1.03,18.0,0.07,-0.62,4.11,0.05,2
2019-07-19,0.92,1.0,1.28,17.01,-0.14,0.58,4.74,0.89,2
2019-07-22,1.22,1.0,1.28,17.69,0.36,-0.82,3.46,0.02,2
2019-07-23,0.54,1.0,1.03,17.07,0.31,0.26,4.5,0.84,2
2019-07-24,0.68,1.0,1.11,16.07,0.31,0.55,5.16,0.98,2
2019-07-25,1.02,1.0,0.86,15.41,-0.39,0.63,5.78,0.88,2
2019-07-26,0.73,1.0,1.35,16.02,-0.36,0.25,4.81,0.77,2
2019-07-29,0.41,1.0,0.79,15.42,0.16,-0.02,5.17,0.52,2
2019-07-30,0.67,0.0,0.6,16.35,0.05,0.2,4.81,0.69,2
2019-07-31,0.6,1.0,0.68,17.53,-0.57,-0.04,4.17,0.43,2
2019-08-01,1.97,1.0,1.37,18.78,0.24,-0.91,2.63,0.34,0
2019-08-02,2.11,2.0,1.7,21.06,0.16,-1.15,1.89,0.12,0
2019-08-05,0.98,1.0,1.14,21.37,-0.4,0.09,0.44,0.45,0
2019-08-06,1.49,1.0,1.29,27.56,-1.34,-0.81,-3.82,0.11,0
2019-08-07,0.84,2.0,1.06,24.27,0.84,0.27,-2.08,0.7,0
2019-08-08,1.34,1.0,1.42,23.47,-0.48,0.75,-1.66,0.86,0
2019-08-09,1.11,0.0,0.8,21.14,0.35,0.91,0.68,0.99,2
2019-08-12,0.84,1.0,1.03,21.77,-0.3,0.08,-0.47,0.5,2
2019-08-13,0.67,1.0,0.8,25.18,-0.32,-0.38,-1.77,0.32,2
2019-08-14,1.58,0.0,0.73,21.82,0.01,0.3,0.49,0.83,2
2019-08-15,0.99,1.0,1.24,26.38,-0.91,-0.66,-3.07,0.06,0
2019-08-16,0.62,0.0,0.81,24.79,0.17,0.05,-3.07,0.6,2
2019-08-19,0.47,1.0,0.54,21.51,0.38,0.15,-1.62,0.74,2
2019-08-20,0.34,1.0,0.38,20.43,0.65,0.02,-0.2,0.61,2
2019-08-21,0.49,2.0,0.47,21.27,-0.08,-0.48,-1.06,0.06,2
2019-08-22,0.38,0.0,0.33,19.81,0.47,0.09,-0.02,0.77,2
2019-08-23,0.77,1.0,0.52,20.83,0.01,0.03,-0.62,0.47,2
2019-08-26,1.85,1.0,0.89,23.66,-0.31,-0.95,-3.3,0.21,0
2019-08-27,0.55,2.0,0.45,23.24,0.3,0.53,-2.21,0.9,1
2019-08-28,0.66,1.0,0.58,24.11,0.25,-0.3,-2.6,0.23,1
2019-08-29,0.61,1.0,0.44,23.12,-0.13,0.42,-2.12,0.95,1
2019-08-30,0.48,0.0,0.38,21.25,0.52,0.09,-0.67,0.77,2
2019-09-03,0.64,1.0,0.45,22.39,0.23,-0.15,-1.15,0.28,2
2019-09-04,0.56,0.0,0.54,23.37,-0.23,-0.08,-1.85,0.33,2
2019-09-05,0.41,1.0,0.43,21.44,0.43,0.34,-0.48,0.9,2
2019-09-06,0.52,0.0,0.45,19.91,0.53,-0.02,1.24,0.63,2
2019-09-09,0.26,0.0,0.39,18.82,0.11,-0.07,1.21,0.47,2
2019-09-10,0.55,1.0,0.44,19.42,0.14,-0.12,0.8,0.38,2
2019-09-11,0.5,1.0,0.62,19.57,-0.23,0.47,0.57,0.95,2
2019-09-12,0.56,2.0,0.47,18.6,0.09,0.32,1.5,0.95,2
2019-09-13,0.49,0.0,0.56,17.88,0.32,-0.34,1.87,0.16,2
2019-09-16,0.32,0.0,0.14,18.13,-0.09,-0.2,1.41,0.12,2
2019-09-17,0.29,0.0,0.07,19.04,-0.32,0.07,1.04,0.63,2
2019-09-18,0.42,1.0,0.49,18.58,0.15,0.39,1.77,0.89,2
2019-09-19,0.83,2.0,0.64,18.04,-0.1,0.52,1.8,0.94,2
2019-09-20,0.49,1.0,0.66,17.55,0.04,-0.28,1.77,0.16,2
2019-09-23,0.98,0.0,0.76,19.11,0.12,-0.6,0.68,0.17,2
2019-09-24,0.43,1.0,0.61,18.64,0.01,0.13,0.93,0.75,2
2019-09-25,1.46,1.0,1.31,20.45,0.2,-0.51,-0.49,0.19,2
2019-09-26,1.33,1.0,1.08,19.14,-0.08,0.9,0.64,0.87,2
2019-09-27,0.6,1.0,1.03,19.41,-0.05,0.14,0.24,0.63,2
2019-09-30,1.26,1.0,1.3,20.89,0.13,-0.39,-0.87,0.34,2
2019-10-01,0.57,1.0,0.89,20.03,0.17,0.39,0.29,0.96,2
2019-10-02,1.11,1.0,1.33,21.95,0.09,-0.67,-0.84,0.03,0
2019-10-03,0.93,0.0,1.6,23.71,-0.32,-0.35,-2.71,0.16,0
2019-10-04,1.32,1.0,1.39,22.33,0.15,0.95,-1.16,0.99,0
2019-10-07,0.64,1.0,0.81,20.24,0.22,0.48,0.31,0.89,2
2019-10-08,0.53,1.0,0.8,21.63,-0.18,-0.28,0.05,0.2,2
2019-10-09,0.77,1.0,0.95,23.4,-0.38,-0.51,-1.41,0.07,2
2019-10-10,0.49,1.0,0.59,21.88,0.44,0.09,-0.27,0.57,2
2019-10-11,0.67,0.0,0.56,21.0,-0.04,0.18,0.57,0.74,2
2019-10-14,0.57,2.0,0.91,19.44,0.56,-0.32,1.85,0.26,2
2019-10-15,0.29,0.0,0.44,18.61,-0.1,-0.01,1.85,0.53,2
2019-10-16,0.7,1.0,0.56,17.18,0.12,0.28,3.11,0.88,2
2019-10-17,0.32,1.0,0.56,17.58,-0.23,0.23,2.81,0.89,2
2019-10-18,0.51,1.0,0.53,17.39,0.23,-0.03,2.75,0.43,2
2019-10-21,0.92,0.0,0.7,17.82,-0.07,-0.2,1.72,0.36,2
2019-10-22,0.43,1.0,0.56,17.39,0.25,0.24,2.55,0.94,2
2019-10-23,1.06,1.0,0.7,18.34,0.19,-0.99,1.29,0.05,2
2019-10-24,0.49,2.0,0.69,17.78,0.06,0.29,1.82,0.77,2
2019-10-25,0.52,1.0,0.7,17.35,0.39,-0.25,2.12,0.19,2
2019-10-28,0.87,1.0,0.72,16.17,0.0,0.31,3.36,0.94,2
2019-10-29,0.41,1.0,0.55,16.81,0.31,-0.13,3.98,0.38,2
2019-10-30,0.5,2.0,0.7,17.47,0.06,-0.27,3.35,0.07,2
2019-10-31,0.76,1.0,0.78,16.71,0.11,0.59,3.98,0.96,2
2019-11-01,0.59,0.0,0.98,17.36,0.01,0.17,3.58,0.6,2
2019-11-04,0.43,0.0,0.68,16.27,0.31,0.22,4.4,0.87,2
2019-11-05,0.27,0.0,0.72,16.56,0.5,0.0,4.98,0.43,2
2019-11-06,0.36,0.0,0.73,17.08,0.07,-0.1,4.73,0.4,2
2019-11-07,0.45,1.0,0.71,16.45,0.0,0.22,4.53,0.91,2
2019-11-08,0.7,2.0,0.6,16.66,0.3,-0.21,4.67,0.35,2
2019-11-11,0.67,2.0,0.58,16.17,-0.18,0.32,4.81,0.9,2
2019-11-12,0.44,1.0,0.38,16.04,-0.34,0.19,4.6,0.94,2
2019-11-13,0.54,0.0,0.7,15.86,0.04,-0.02,4.75,0.56,2
2019-11-14,0.42,1.0,0.79,16.24,-0.3,0.06,4.48,0.67,2
2019-11-15,0.54,1.0,0.71,15.85,-0.24,0.21,4.32,0.89,2
2019-11-18,0.33,1.0,0.57,14.57,0.48,0.11,4.87,0.87,2
2019-11-19,0.67,1.0,0.75,14.94,-0.05,0.26,4.94,0.81,2
2019-11-20,0.53,0.0,0.76,15.25,0.32,-0.04,4.9,0.54,2
2019-11-21,1.21,1.0,1.07,15.61,-0.18,-0.05,4.14,0.51,2
2019-11-22,0.43,0.0,0.85,16.07,-0.08,0.07,3.81,0.63,2
2019-11-25,0.68,1.0,0.67,15.6,0.2,0.18,3.81,0.72,2
2019-11-26,0.69,1.0,0.49,15.08,0.33,0.2,4.9,0.97,2
2019-11-27,0.35,2.0,0.54,14.78,0.05,0.16,5.09,0.99,2
2019-11-29,0.57,0.0,0.51,14.86,0.11,0.28,5.6,0.95,2
2019-12-03,1.52,0.0,1.33,18.07,-0.12,-0.03,3.61,0.29,2
2019-12-04,0.98,2.0,1.25,19.16,-1.09,0.48,2.68,0.89,2
2019-12-05,0.34,0.0,0.66,18.33,0.51,-0.09,3.15,0.32,2
2019-12-06,0.55,0.0,0.83,17.97,0.31,0.13,3.15,0.66,2
2019-12-09,0.43,1.0,0.45,16.44,0.64,0.11,4.16,0.78,2
2019-12-10,0.78,1.0,0.58,18.15,-0.12,-0.45,3.45,0.05,2
2019-12-11,0.62,0.0,0.71,18.02,0.14,-0.13,3.38,0.41,2
2019-12-12,0.5,1.0,0.52,17.41,0.13,0.2,3.75,0.88,2
2019-12-13,1.22,0.0,1.09,16.55,-0.14,0.22,4.3,0.73,2
2019-12-16,0.85,0.0,0.18,15.09,-0.1,0.09,4.41,0.65,2
2019-12-17,0.46,0.0,0.04,14.02,0.55,0.01,5.22,0.74,2
2019-12-18,0.31,0.0,0.46,14.42,0.41,-0.04,5.36,0.31,2
2019-12-19,0.36,2.0,0.46,14.75,0.14,-0.04,5.35,0.41,2
2019-12-20,0.63,1.0,0.47,14.42,-0.02,0.3,5.73,0.97,2
2019-12-23,0.35,1.0,0.58,14.47,0.36,0.06,5.92,0.77,2
2019-12-24,0.25,0.0,0.36,15.16,0.26,-0.04,5.85,0.4,2
2019-12-27,0.8,1.0,0.33,15.07,0.12,0.32,6.37,0.99,2
2019-12-30,0.76,0.0,0.76,16.36,0.33,-0.2,5.89,0.21,2
2019-12-31,1.23,0.0,1.04,17.9,0.05,-0.01,5.08,0.41,2
2020-01-02,0.9,1.0,0.61,16.89,-0.28,0.46,5.28,0.97,2
2020-01-03,1.1,1.0,0.99,16.0,0.66,0.62,6.57,0.97,2
2020-01-06,1.04,1.0,1.38,16.95,-1.37,-0.16,5.34,0.43,2
2020-01-07,1.57,1.0,1.01,17.19,-0.77,0.38,5.58,0.84,2
2020-01-08,0.57,2.0,1.08,17.15,0.19,-0.16,5.38,0.34,2
2020-01-09,1.33,1.0,1.22,16.93,0.09,0.35,6.24,0.77,2
2020-01-10,0.68,1.0,1.13,16.04,0.56,0.14,6.77,0.81,2
2020-01-13,0.74,1.0,1.16,16.48,0.28,-0.32,6.2,0.18,2
2020-01-14,0.84,1.0,0.77,15.57,0.37,0.46,7.24,0.98,2
2020-01-15,0.58,1.0,1.27,15.83,-0.11,-0.07,6.64,0.38,2
2020-01-16,0.72,1.0,0.96,15.54,-0.04,-0.09,6.42,0.5,2
2020-01-17,0.64,1.0,0.73,14.95,0.36,0.34,7.06,0.89,2
2020-01-21,0.6,1.0,0.67,14.97,0.42,0.18,7.3,0.73,2
2020-01-22,0.49,2.0,0.7,16.22,-0.21,-0.06,6.77,0.37,2
2020-01-23,0.67,1.0,0.71,16.49,0.56,-0.3,7.1,0.13,2
2020-01-24,1.05,1.0,0.86,16.23,-0.05,0.53,7.46,0.96,2
2020-01-27,1.81,1.0,1.41,18.07,0.25,-0.44,5.99,0.19,0
2020-01-28,0.85,1.0,1.17,21.46,-1.96,-0.27,3.56,0.32,0
2020-01-29,1.11,1.0,0.85,19.61,0.67,0.33,5.14,0.86,2
2020-01-30,0.79,0.0,0.93,19.57,0.41,-0.27,4.84,0.26,2
2020-01-31,1.83,1.0,0.99,17.75,-0.4,1.43,6.06,0.98,0
2020-02-03,1.9,1.0,1.63,21.33,-0.32,-0.32,3.51,0.23,0
2020-02-04,0.97,0.0,0.63,20.4,0.21,-0.1,4.47,0.65,2
2020-02-05,1.05,1.0,0.55,18.45,1.14,0.59,7.07,0.98,2
2020-02-06,1.03,0.0,0.73,18.52,0.75,0.16,7.11,0.46,2
2020-02-07,0.69,1.0,0.53,18.41,0.1,0.38,7.66,0.98,2
2020-02-10,0.59,0.0,0.59,19.42,-0.33,-0.13,6.85,0.31,2
2020-02-11,1.17,1.0,0.47,19.31,-0.22,0.66,7.96,0.98,2
2020-02-12,0.8,1.0,0.67,19.66,0.36,-0.39,7.66,0.23,2
2020-02-13,0.52,2.0,0.53,18.04,0.4,0.32,8.51,0.95,2
2020-02-14,0.8,0.0,0.62,18.46,-0.57,0.12,8.08,0.7,2
2020-02-18,0.41,0.0,0.56,17.95,0.04,0.19,7.99,0.84,2
2020-02-19,0.61,1.0,0.55,19.12,-0.38,0.28,7.38,0.79,2
2020-02-20,0.52,0.0,0.45,18.58,0.41,0.11,8.44,0.76,2
2020-02-21,1.61,1.0,1.24,20.33,-0.21,0.13,6.9,0.52,2
2020-02-24,1.43,1.0,1.02,22.46,-0.26,-0.33,4.78,0.25,2
2020-02-25,1.16,0.0,1.26,29.23,-2.55,-0.27,0.49,0.33,0
2020-02-26,2.48,1.0,1.87,31.03,0.43,-1.2,-2.31,0.12,0
2020-02-27,1.33,3.0,1.36,30.38,0.21,-0.94,-2.49,0.14,0
2020-02-28,2.42,2.0,1.77,41.0,-1.09,-2.9,-7.72,0.02,0
2020-03-02,2.17,2.0,2.32,43.13,-1.13,2.26,-6.33,0.91,0
2020-03-03,2.14,0.0,1.11,35.1,0.29,1.9,-3.19,0.78,0
2020-03-04,2.17,2.0,1.37,39.33,0.5,-1.71,-5.51,0.14,0
2020-03-05,1.18,1.0,0.83,33.54,0.69,1.09,-2.04,0.8,0
2020-03-06,1.03,1.0,0.87,41.4,-0.71,-0.98,-4.78,0.15,0
2020-03-09,1.01,0.0,0.94,43.97,-1.05,0.73,-6.36,0.74,0
2020-03-10,1.69,0.0,0.78,53.68,-1.85,-1.37,-12.41,0.34,0
2020-03-11,1.59,2.0,1.06,47.43,1.01,2.56,-8.11,0.88,0
2020-03-12,1.11,1.0,0.82,50.7,-0.55,-0.83,-11.58,0.34,0
2020-03-13,2.05,1.0,1.0,67.83,-1.58,-3.27,-20.09,0.05,0
2020-03-16,2.04,2.0,0.19,51.84,1.4,5.36,-12.09,0.91,0
2020-03-17,1.71,0.0,0.15,80.08,-1.4,-3.5,-21.51,0.2,0
2020-03-18,1.5,1.0,1.06,71.55,0.27,1.06,-17.56,0.74,0
2020-03-19,1.25,1.0,0.78,74.22,-1.06,1.75,-19.26,0.77,0
2020-03-20,1.16,2.0,1.05,69.12,-0.07,-0.96,-18.28,0.52,0
2020-03-23,1.22,1.0,0.89,63.85,0.37,-3.67,-21.38,0.03,0
2020-03-24,0.85,0.0,0.69,58.36,0.07,0.8,-20.64,0.63,0
2020-03-25,0.59,2.0,0.62,56.95,0.79,1.69,-14.02,0.95,0
2020-03-26,0.84,1.0,0.69,60.99,0.01,-1.41,-14.73,0.23,0
2020-03-27,0.82,2.0,0.65,57.6,0.14,1.82,-10.03,0.88,0
2020-03-30,0.52,2.0,0.57,61.38,-0.41,-1.07,-12.97,0.06,0
2020-03-31,0.55,1.0,0.44,55.04,0.2,0.82,-9.35,0.89,0
2020-04-01,0.53,1.0,0.54,51.29,-0.02,-1.29,-10.09,0.09,0
2020-04-02,0.62,1.0,0.51,54.29,-0.45,-1.56,-13.66,0.12,0
2020-04-03,0.55,2.0,0.72,48.91,-0.01,1.23,-11.09,0.88,0
2020-04-06,0.54,1.0,0.44,44.87,-0.08,0.03,-12.03,0.4,0
2020-04-07,0.81,1.0,0.39,42.93,0.65,1.57,-5.63,0.81,0
2020-04-08,0.7,1.0,0.59,44.69,0.57,-1.66,-5.62,0.07,0
2020-04-09,0.45,1.0,0.43,42.34,0.23,0.44,-3.33,0.73,1
2020-04-13,0.41,0.0,0.5,41.36,0.22,0.07,-2.67,0.43,1
2020-04-14,0.46,1.0,0.43,41.34,-0.09,1.33,-1.28,0.97,1
2020-04-15,0.61,1.0,0.4,38.33,0.39,0.96,3.28,0.94,1
2020-04-16,0.42,1.0,0.4,40.85,-0.37,0.35,2.14,0.62,1
2020-04-17,0.48,1.0,0.5,40.36,0.22,0.56,3.98,0.74,1
2020-04-20,0.46,1.0,0.42,38.37,0.28,0.51,5.03,0.67,1
2020-04-21,0.41,2.0,0.45,43.85,-0.19,-0.99,3.75,0.03,1
2020-04-22,0.82,0.0,0.74,45.37,-0.16,-0.29,0.83,0.29,1
2020-04-23,0.43,1.0,0.43,42.37,0.36,0.34,3.5,0.61,1
2020-04-24,0.52,1.0,0.5,41.66,0.11,-1.09,3.3,0.04,1
2020-04-27,0.6,1.0,0.44,36.5,0.12,1.09,5.55,0.84,1
2020-04-28,0.24,1.0,0.4,35.26,0.25,-0.12,6.44,0.39,1
2020-04-29,0.71,2.0,0.68,36.61,0.23,-0.3,5.4,0.26,1
2020-04-30,0.65,1.0,0.58,32.85,0.4,1.07,9.47,0.96,1
2020-05-01,0.4,2.0,0.7,35.28,-0.06,-0.24,8.4,0.42,1
2020-05-04,0.59,1.0,0.59,37.76,-0.41,-0.46,5.94,0.22,1
2020-05-05,0.51,1.0,0.56,36.86,-0.13,0.57,7.14,0.83,1
2020-05-06,0.39,1.0,0.58,35.37,0.32,-0.38,8.86,0.29,1
2020-05-07,0.36,1.0,0.68,35.6,0.19,-0.6,9.25,0.13,1
2020-05-08,0.29,2.0,0.59,33.58,0.41,0.29,11.16,0.84,1
2020-05-11,0.33,2.0,0.54,30.64,0.15,0.41,12.41,0.96,1
2020-05-12,0.61,0.0,0.67,28.82,-0.2,0.21,12.97,0.71,1
2020-05-13,0.88,1.0,0.82,33.3,0.12,-1.97,10.23,0.01,1
2020-05-14,1.05,1.0,1.22,36.12,0.15,-0.24,9.15,0.36,1
2020-05-15,0.83,1.0,0.95,33.79,-0.19,1.49,10.07,0.9,1
2020-05-18,0.67,1.0,0.82,33.49,-0.38,0.6,10.24,0.75,1
2020-05-19,0.41,0.0,0.54,30.22,0.56,0.12,12.87,0.7,1
2020-05-20,0.44,2.0,0.64,30.74,0.01,-0.77,12.34,0.12,1
2020-05-21,0.32,2.0,0.59,29.12,0.35,0.26,14.21,0.87,1
2020-05-22,0.55,1.0,0.74,30.73,0.0,-0.62,12.35,0.02,1
2020-05-26,0.35,2.0,0.59,29.36,0.01,0.33,12.6,0.88,1
2020-05-27,0.71,2.0,0.6,29.42,0.55,-0.65,11.62,0.17,1
2020-05-28,0.97,1.0,0.83,29.52,-0.17,1.35,11.94,0.98,1
2020-05-29,0.66,0.0,0.69,29.68,-0.19,-0.22,11.6,0.42,1
2020-06-01,0.76,1.0,0.95,27.96,-0.06,1.31,12.45,0.98,1
2020-06-02,0.37,1.0,0.45,28.99,-0.21,0.27,12.04,0.88,1
2020-06-03,0.57,2.0,0.54,27.68,0.04,0.68,12.04,0.93,1
2020-06-04,0.33,1.0,0.47,27.45,0.11,0.04,11.78,0.5,1
2020-06-05,0.67,1.0,0.57,27.43,-0.01,-0.35,10.45,0.33,1
2020-06-08,0.77,1.0,0.48,25.53,0.17,0.2,12.0,0.81,1
2020-06-09,0.62,1.0,0.36,26.8,0.0,0.66,12.22,0.88,1
2020-06-10,0.63,0.0,0.49,28.7,-0.1,0.08,12.47,0.63,1
2020-06-11,0.57,1.0,0.64,29.32,0.36,0.06,13.37,0.48,1
2020-06-12,1.64,1.0,1.04,36.81,-0.65,-1.61,7.59,0.08,0
2020-06-15,1.39,0.0,0.57,35.49,0.7,-0.04,7.48,0.43,1
2020-06-16,1.26,1.0,0.27,33.67,-0.48,1.45,8.7,0.98,1
2020-06-17,0.8,2.0,0.69,32.69,0.64,0.28,9.88,0.8,1
2020-06-18,0.42,1.0,0.45,32.91,0.16,-0.08,9.53,0.39,1
2020-06-19,0.32,0.0,0.42,31.57,-0.1,0.15,9.11,0.72,1
2020-06-22,0.77,1.0,0.59,32.54,0.45,-0.89,7.93,0.03,1
2020-06-23,0.62,1.0,0.35,31.38,0.28,0.69,9.82,1.0,1
2020-06-24,0.54,0.0,0.42,31.23,0.2,-0.33,10.06,0.27,1
2020-06-25,1.14,1.0,0.83,33.58,-0.11,-0.25,7.68,0.3,1
2020-06-26,0.85,2.0,0.64,31.81,-0.07,0.88,8.15,0.91,1
2020-06-29,1.0,1.0,0.86,33.81,-0.05,-0.54,5.43,0.16,1
2020-06-30,0.95,1.0,0.64,32.3,-0.11,1.04,6.34,0.99,1
2020-07-01,0.88,0.0,0.6,30.75,-0.09,0.67,7.75,0.83,1
2020-07-02,0.71,1.0,0.54,29.51,0.07,0.41,8.85,0.77,1
2020-07-06,0.41,2.0,0.53,28.6,0.4,-0.16,9.37,0.37,1
2020-07-07,0.57,2.0,0.58,30.2,0.45,0.42,11.07,0.9,1
2020-07-08,0.74,1.0,0.69,31.72,-0.08,-0.79,10.36,0.13,1
2020-07-09,0.61,1.0,0.7,31.05,0.17,0.64,11.34,0.99,1
2020-07-10,0.86,1.0,0.91,32.68,0.28,0.43,11.56,0.78,1
2020-07-13,0.88,1.0,0.71,32.02,0.03,0.97,12.25,0.98,1
2020-07-14,2.03,1.0,1.23,37.6,0.41,-2.3,9.41,0.08,0
2020-07-15,1.28,1.0,1.5,37.61,-0.43,1.01,9.5,0.87,0
2020-07-16,0.82,1.0,1.11,35.84,0.3,0.08,9.45,0.62,1
2020-07-17,0.66,1.0,0.87,34.42,-0.44,-0.35,7.34,0.25,1
2020-07-20,0.51,1.0,0.65,30.77,0.48,0.16,8.03,0.63,1
2020-07-21,1.42,1.0,0.62,30.91,0.15,1.45,11.02,0.97,1
2020-07-22,0.84,2.0,0.86,30.91,0.19,-0.29,9.61,0.32,1
2020-07-23,0.53,2.0,0.65,30.46,-0.06,-0.19,8.82,0.35,1
2020-07-24,1.4,1.0,0.99,32.75,0.13,-1.35,5.82,0.09,1
2020-07-27,0.87,2.0,0.91,32.61,-0.49,0.09,4.64,0.68,1
2020-07-28,0.64,1.0,0.62,31.55,0.33,0.76,6.5,0.96,1
2020-07-29,0.52,1.0,0.72,31.83,-0.16,-0.56,4.82,0.19,1
2020-07-30,0.43,2.0,0.56,30.13,0.18,0.44,5.86,0.91,1
2020-07-31,1.11,1.0,0.79,30.2,-0.41,1.44,6.74,0.96,1
2020-08-03,0.83,1.0,0.95,27.93,0.38,1.09,7.52,0.96,1
2020-08-04,0.35,0.0,0.51,29.27,0.31,0.11,8.62,0.71,1
2020-08-05,0.4,1.0,0.54,29.12,-0.12,0.39,8.63,0.9,1
2020-08-06,0.25,0.0,0.39,28.5,0.07,-0.12,8.33,0.39,1
2020-08-07,0.8,1.0,0.55,28.53,0.04,0.87,9.64,0.94,1
2020-08-10,0.94,1.0,0.73,29.76,-0.11,-0.24,7.93,0.38,1
2020-08-11,0.88,0.0,0.65,29.86,0.05,0.19,7.04,0.64,1
2020-08-12,0.97,2.0,0.7,31.87,-0.17,-1.04,4.88,0.13,1
2020-08-13,0.91,1.0,0.58,30.16,0.32,0.13,7.01,0.74,1
2020-08-14,0.54,0.0,0.63,29.84,0.19,-0.24,7.17,0.33,1
2020-08-17,0.45,0.0,0.57,29.15,0.07,-0.03,6.52,0.38,1
2020-08-18,0.32,1.0,0.39,27.73,0.38,0.23,7.66,0.85,1
2020-08-19,0.61,1.0,0.54,26.9,0.17,0.58,8.51,0.96,1
2020-08-20,0.59,2.0,0.73,28.88,-0.07,-0.37,7.46,0.24,1
2020-08-21,1.0,1.0,0.52,28.44,-0.21,0.7,8.56,0.92,1
2020-08-24,0.51,1.0,0.54,28.62,0.01,0.31,9.06,0.9,1
2020-08-25,0.85,1.0,0.88,29.83,0.55,0.22,9.36,0.56,1
2020-08-26,0.67,1.0,0.7,29.11,-0.2,0.67,9.8,1.0,1
2020-08-27,1.03,0.0,0.86,32.1,0.19,0.83,11.86,0.99,1
2020-08-28,0.93,0.0,1.2,33.32,0.1,-0.07,11.09,0.55,1
2020-08-31,0.41,1.0,0.75,32.8,0.12,0.08,11.02,0.68,1
2020-09-01,0.78,1.0,0.82,34.55,0.13,0.25,11.76,0.69,1
2020-09-02,0.87,2.0,0.79,34.67,0.4,0.56,13.14,0.99,1
2020-09-03,1.21,0.0,1.57,36.8,0.55,0.63,13.59,0.91,0
2020-09-04,2.63,1.0,2.38,42.09,-0.84,-0.58,7.54,0.24,0
2020-09-08,2.8,0.0,1.45,41.74,-0.33,0.67,4.95,0.58,0
2020-09-09,1.27,1.0,1.15,41.02,-1.37,-1.57,-0.04,0.04,0
2020-09-10,1.02,1.0,0.76,38.25,0.83,0.29,3.05,0.72,0
2020-09-11,1.6,1.0,0.94,37.92,0.4,-1.53,0.79,0.18,0
2020-09-14,1.11,2.0,0.59,35.27,0.22,-0.41,-0.4,0.37,1
2020-09-15,0.56,0.0,0.23,33.56,0.57,-0.08,1.43,0.55,1
2020-09-16,0.42,0.0,0.44,33.79,0.43,0.2,2.78,0.78,1
2020-09-17,0.82,2.0,0.6,35.48,0.0,-0.97,0.83,0.12,1
2020-09-18,0.76,0.0,0.79,36.27,-0.98,0.53,-0.91,0.68,1
2020-09-21,1.25,1.0,0.9,36.04,0.14,-0.02,-2.28,0.47,1
2020-09-22,1.08,2.0,0.88,36.43,-0.53,1.84,-1.76,0.97,1
2020-09-23,0.84,1.0,0.59,35.24,0.24,0.91,-0.36,0.84,1
2020-09-24,1.17,1.0,0.75,37.25,0.01,-1.3,-3.31,0.12,1
2020-09-25,0.95,1.0,0.81,36.99,-0.34,0.07,-2.8,0.61,1
2020-09-28,1.04,1.0,0.59,34.93,0.01,1.23,-0.64,0.9,1
2020-09-29,0.53,1.0,0.47,34.66,0.62,0.86,1.56,0.98,1
2020-09-30,0.3,2.0,0.43,35.25,-0.15,0.01,0.92,0.51,1
2020-10-01,0.68,1.0,0.6,35.42,-0.06,-0.64,1.0,0.22,1
2020-10-02,0.39,1.0,0.5,34.99,0.62,0.35,2.83,0.8,1
2020-10-05,0.84,1.0,0.71,36.44,-0.82,-0.92,-0.36,0.09,1
2020-10-06,0.55,2.0,0.43,35.67,0.3,0.4,1.63,0.84,1
2020-10-07,0.9,2.0,0.82,36.67,-0.07,-1.1,-0.29,0.11,1
2020-10-08,0.46,1.0,0.53,35.61,0.36,0.36,1.39,0.77,1
2020-10-09,0.28,0.0,0.5,34.43,0.31,0.11,1.81,0.59,1
2020-10-12,0.46,1.0,0.45,32.6,0.2,0.53,3.29,0.99,1
2020-10-13,1.1,0.0,0.87,33.44,0.62,0.36,6.42,0.71,1
2020-10-14,0.53,0.0,0.84,34.48,0.16,-0.05,6.14,0.47,1
2020-10-15,0.82,1.0,0.8,34.04,0.05,-0.28,4.88,0.28,1
2020-10-16,0.56,1.0,0.65,34.54,-0.65,0.45,3.85,0.75,1
2020-10-19,0.76,2.0,0.6,35.02,0.29,-1.07,3.04,0.03,1
2020-10-20,1.2,0.0,0.82,36.14,0.37,-0.97,1.64,0.16,1
2020-10-21,0.64,1.0,0.79,35.25,0.06,-0.29,1.63,0.31,1
2020-10-22,0.5,0.0,0.78,35.08,0.04,-0.05,1.84,0.43,1
2020-10-23,0.73,0.0,0.79,34.28,-0.02,0.29,1.29,0.64,1
2020-10-26,0.45,0.0,0.64,33.45,0.11,0.41,1.33,0.86,1
2020-10-27,1.26,1.0,0.91,37.41,-0.31,0.01,-0.16,0.45,1
2020-10-28,0.48,2.0,0.73,36.56,0.12,0.34,0.6,0.8,1
2020-10-29,1.08,2.0,0.93,43.39,-0.7,-0.65,-3.2,0.13,0
2020-10-30,1.01,1.0,0.73,40.08,0.09,-0.1,-1.77,0.53,0
2020-11-02,1.17,2.0,1.11,41.3,-0.27,0.23,-3.95,0.38,0
2020-11-03,0.92,1.0,0.84,40.9,0.23,0.0,-3.87,0.48,1
2020-11-04,0.84,0.0,0.72,38.38,0.24,-0.37,-2.4,0.53,1
2020-11-05,0.97,1.0,0.79,33.36,1.36,0.29,2.53,0.83,1
2020-11-06,0.45,0.0,0.71,32.82,0.77,0.51,5.27,0.97,1
2020-11-09,0.73,1.0,0.77,30.01,-0.24,0.47,5.08,0.9,1
2020-11-10,1.46,1.0,0.97,31.32,0.34,-1.94,3.09,0.11,0
2020-11-11,0.77,0.0,1.08,32.53,-0.53,-0.07,1.07,0.49,1
2020-11-12,0.64,1.0,0.61,30.29,0.29,0.56,3.51,0.93,1
2020-11-13,0.61,1.0,0.67,30.91,0.07,-0.15,3.21,0.39,1
2020-11-16,0.47,1.0,0.57,29.03,0.12,0.58,4.13,0.95,1
2020-11-17,0.48,1.0,0.52,27.37,-0.1,0.49,4.89,0.98,1
2020-11-18,0.29,0.0,0.58,27.31,-0.03,-0.13,4.36,0.34,1
2020-11-19,0.52,3.0,0.62,27.47,-0.08,-0.67,3.31,0.07,1
2020-11-20,0.54,1.0,0.54,26.81,-0.05,0.41,4.09,0.89,1
2020-11-23,0.5,1.0,0.49,26.91,0.0,-0.72,3.09,0.08,1
2020-11-24,0.69,0.0,0.57,26.64,0.22,0.2,3.18,0.54,1
2020-11-25,0.81,1.0,0.49,25.99,0.13,0.7,4.51,0.93,1
2020-11-27,0.36,1.0,0.42,25.69,0.12,0.4,5.19,0.93,1
2020-12-01,0.87,1.0,0.65,26.68,-0.01,0.67,5.9,0.94,1
2020-12-02,0.69,1.0,0.73,27.41,0.3,0.24,7.08,0.72,1
2020-12-03,0.62,0.0,0.64,27.55,-0.28,0.39,6.87,0.96,1
2020-12-04,0.38,0.0,0.56,27.39,-0.02,-0.05,6.79,0.46,1
2020-12-07,0.35,0.0,0.48,27.02,-0.05,0.06,6.66,0.68,1
2020-12-08,0.36,0.0,0.52,27.2,0.11,0.11,7.09,0.79,1
2020-12-09,0.64,1.0,0.62,26.08,-0.07,0.51,7.23,0.93,1
2020-12-10,1.46,1.0,1.32,29.32,-0.04,-0.95,4.51,0.12,0
2020-12-11,0.98,1.0,0.97,29.15,-0.34,0.03,4.67,0.73,1
2020-12-14,0.62,2.0,0.35,29.0,-0.24,0.42,4.33,0.91,1
2020-12-15,0.56,0.0,0.21,29.44,0.23,-0.31,5.0,0.34,1
2020-12-16,0.59,2.0,0.71,28.1,0.44,0.44,5.94,0.94,1
2020-12-17,0.59,0.0,0.66,27.85,0.08,0.32,6.37,0.78,1
2020-12-18,0.37,0.0,0.67,27.04,0.27,0.18,6.73,0.79,1
2020-12-21,0.82,1.0,0.94,26.91,0.12,0.33,6.42,0.72,1
2020-12-22,1.12,1.0,1.07,28.35,-0.73,0.77,5.8,0.94,1
2020-12-23,0.73,1.0,0.98,27.94,0.14,0.15,5.8,0.73,1
2020-12-24,0.5,1.0,0.64,27.33,0.02,-0.37,5.11,0.17,1
2020-12-29,0.55,1.0,0.61,25.91,0.54,0.23,6.52,0.83,1
2020-12-30,0.53,0.0,0.88,26.82,0.27,0.02,6.52,0.45,1
2020-12-31,0.44,0.0,0.6,26.29,0.2,-0.15,6.17,0.18,1
2021-01-04,0.51,2.0,0.5,26.93,0.02,0.3,6.31,0.84,1
2021-01-05,2.19,1.0,1.25,30.13,0.28,-0.36,4.44,0.37,0
2021-01-06,0.77,2.0,0.95,28.42,-0.13,0.42,5.2,0.9,1
2021-01-07,1.2,0.0,1.24,29.27,-0.95,-0.5,3.68,0.32,0
2021-01-08,1.1,2.0,0.83,26.99,0.46,0.42,6.01,0.9,1
2021-01-11,0.88,1.0,1.11,27.93,0.39,0.77,7.23,0.98,1
2021-01-12,0.65,1.0,0.91,28.92,-0.69,-0.26,5.35,0.31,1
2021-01-13,0.83,1.0,0.83,28.33,-0.06,0.07,4.8,0.65,1
2021-01-14,0.64,1.0,0.67,27.36,0.02,0.17,5.24,0.78,1
2021-01-15,0.69,1.0,0.7,28.55,0.06,-0.52,4.33,0.13,1
2021-01-19,0.89,0.0,0.83,29.17,-0.05,-0.43,3.0,0.16,1
2021-01-20,0.74,1.0,0.75,27.71,0.57,0.67,4.41,0.98,1
2021-01-21,0.96,0.0,0.67,26.79,0.61,0.41,6.81,0.89,1
2021-01-22,0.64,1.0,0.7,27.01,0.16,0.29,7.37,0.84,1
2021-01-25,0.33,0.0,0.67,28.07,-0.24,0.0,6.8,0.48,1
2021-01-26,1.73,1.0,1.35,28.73,0.66,0.45,7.38,0.75,0
2021-01-27,0.79,1.0,0.93,29.2,0.14,0.57,7.91,0.83,1
2021-01-28,2.32,1.0,1.3,39.61,-0.82,-1.91,2.9,0.18,0
2021-01-29,1.09,1.0,0.96,35.05,0.75,-0.65,4.37,0.22,0
2021-02-01,1.28,1.0,1.47,37.44,-0.29,-0.79,1.79,0.17,0
2021-02-02,1.16,1.0,0.77,34.24,0.64,0.47,4.22,0.8,1
2021-02-03,0.6,1.0,0.6,29.49,0.51,0.44,6.17,0.86,1
2021-02-04,0.59,0.0,0.69,29.03,0.17,-0.3,5.26,0.09,1
2021-02-05,0.66,1.0,0.48,27.09,0.17,0.75,6.26,0.94,1
2021-02-08,0.44,2.0,0.51,25.46,0.12,0.23,6.34,0.72,1
2021-02-09,0.37,1.0,0.57,26.18,0.24,0.26,6.67,0.9,1
2021-02-10,0.36,0.0,0.55,26.6,-0.15,-0.01,6.47,0.51,1
2021-02-11,1.0,0.0,0.91,27.41,0.21,0.32,6.03,0.61,1
2021-02-12,0.49,2.0,0.81,27.07,0.2,0.19,6.22,0.81,1
2021-02-16,0.71,1.0,0.54,26.36,-0.11,0.69,6.71,1.0,1
2021-02-17,0.68,1.0,0.78,28.52,0.09,-0.36,5.76,0.21,1
2021-02-18,0.72,1.0,0.77,28.26,-0.47,0.52,5.35,0.91,1
2021-02-19,0.86,1.0,0.85,27.59,-0.65,0.6,4.71,0.85,1
2021-02-22,0.71,1.0,0.81,27.74,0.24,-0.37,4.0,0.21,1
2021-02-23,0.99,1.0,0.92,31.02,-0.76,-0.85,1.15,0.01,0
2021-02-24,2.06,2.0,1.27,30.62,-0.89,1.0,0.6,0.8,0
2021-02-25,1.43,0.0,0.82,28.67,-0.32,1.26,1.78,1.0,0
2021-02-26,1.98,1.0,1.58,36.16,-0.55,-1.34,-2.16,0.13,0
2021-03-01,1.2,1.0,1.16,34.06,0.43,-0.25,-1.76,0.41,0
2021-03-02,0.93,1.0,0.61,28.67,0.72,0.96,1.29,0.97,1
2021-03-03,0.87,2.0,0.72,30.11,-0.01,-0.66,-0.52,0.11,1
2021-03-04,1.31,1.0,1.12,33.92,-0.22,-1.26,-3.63,0.02,0
2021-03-05,1.61,1.0,1.53,34.83,-0.03,-0.66,-5.11,0.35,0
2021-03-08,1.56,1.0,1.13,31.89,0.33,1.68,-3.72,0.92,0
2021-03-09,1.33,1.0,1.01,33.87,-0.07,-1.72,-6.15,0.13,0
2021-03-10,0.85,1.0,0.6,32.15,0.82,0.17,-2.73,0.68,1
2021-03-11,0.76,2.0,0.78,31.52,0.55,-0.27,-2.77,0.22,1
2021-03-12,0.61,1.0,0.57,30.04,0.51,0.29,-0.62,0.71,1
2021-03-15,0.52,1.0,0.3,30.1,-0.55,0.62,-1.61,0.93,1
2021-03-16,0.64,1.0,0.14,28.72,0.05,0.96,-0.49,0.93,1
2021-03-17,0.62,1.0,0.52,29.27,0.23,-0.34,0.02,0.37,1
2021-03-18,1.01,1.0,0.84,27.98,-0.45,0.99,0.23,0.75,1
2021-03-19,0.78,1.0,0.71,30.61,-0.63,-0.83,-2.67,0.2,1
2021-03-22,0.61,1.0,0.74,29.65,-0.12,0.17,-2.56,0.71,1
2021-03-23,0.69,1.0,0.5,26.7,0.29,0.12,-0.7,0.66,1
2021-03-24,0.57,1.0,0.72,27.83,0.1,-0.46,-1.11,0.26,1
2021-03-25,0.88,1.0,0.74,28.97,0.13,-1.09,-2.82,0.06,1
2021-03-26,0.69,1.0,0.95,27.63,-0.26,0.51,-2.87,0.81,1
2021-03-29,0.88,2.0,0.77,25.64,-0.09,1.11,-1.58,0.9,1
2021-03-30,0.57,0.0,0.86,26.94,-0.06,0.54,-1.47,0.85,1
2021-03-31,0.44,1.0,0.69,26.39,-0.32,0.29,-2.1,0.83,1
2021-04-01,0.65,1.0,0.5,24.89,0.24,-0.06,-0.64,0.65,1
2021-04-05,0.28,1.0,0.5,23.21,0.53,0.26,1.15,0.97,2
2021-04-06,0.66,0.0,0.46,23.93,0.31,0.3,3.07,0.82,2
2021-04-07,0.37,0.0,0.66,23.86,-0.03,-0.11,3.05,0.34,2
2021-04-08,0.43,2.0,0.63,23.43,-0.09,0.2,3.33,0.83,2
2021-04-09,0.29,1.0,0.6,23.49,0.37,0.29,4.42,0.89,2
2021-04-12,0.63,1.0,0.6,23.23,-0.27,0.46,4.7,0.83,2
2021-04-13,0.34,1.0,0.62,22.49,-0.09,0.25,4.66,0.9,2
2021-04-14,0.47,1.0,0.59,22.11,0.21,0.35,5.77,0.88,2
2021-04-15,0.8,1.0,0.93,22.64,0.02,-0.39,4.44,0.24,2
2021-04-16,0.41,2.0,0.61,21.68,0.39,0.16,5.72,0.75,2
2021-04-19,0.33,0.0,0.61,20.51,0.12,0.09,5.73,0.75,2
2021-04-20,0.74,1.0,1.04,22.82,-0.21,-0.01,4.71,0.4,2
2021-04-21,0.81,1.0,1.04,24.37,-0.09,-0.44,3.51,0.13,2
2021-04-22,0.88,1.0,0.73,22.82,0.0,0.55,4.66,0.89,2
2021-04-23,0.95,2.0,1.11,24.0,0.0,-0.59,3.52,0.22,2
2021-04-26,0.81,1.0,0.68,22.32,0.08,0.15,4.71,0.68,2
2021-04-27,0.53,0.0,0.6,22.57,0.07,0.23,5.33,0.75,2
2021-04-28,0.49,0.0,0.7,22.71,0.08,-0.12,4.85,0.27,2
2021-04-29,0.43,0.0,0.83,22.36,-0.02,0.04,4.72,0.51,2
2021-04-30,1.02,1.0,1.12,22.42,0.47,0.11,4.78,0.51,2
2021-05-03,0.55,0.0,0.92,22.9,-0.38,-0.14,4.18,0.32,2
2021-05-04,0.76,1.0,0.72,23.34,0.2,-0.37,3.52,0.08,2
2021-05-05,1.37,0.0,1.13,25.7,-0.44,0.19,1.49,0.44,2
2021-05-06,0.85,1.0,0.83,25.66,0.46,-0.59,1.23,0.14,2
2021-05-07,0.94,2.0,1.06,24.83,-0.02,0.78,1.99,0.93,2
2021-05-10,0.63,0.0,0.81,22.79,0.5,-0.16,2.85,0.38,2
2021-05-11,1.38,2.0,0.93,26.59,-0.29,-1.04,-0.1,0.03,0
2021-05-12,1.18,1.0,1.43,27.86,-0.92,0.39,-0.35,0.8,0
2021-05-13,1.08,1.0,1.3,31.87,-0.74,-0.52,-2.76,0.14,0
2021-05-14,0.89,2.0,1.14,29.02,0.48,-0.33,-2.15,0.35,0
2021-05-17,0.84,1.0,0.68,24.99,0.6,0.51,0.16,0.85,1
2021-05-18,0.61,1.0,0.72,25.59,-0.31,0.33,-0.63,0.78,1
2021-05-19,0.73,1.0,0.61,26.14,0.15,-0.87,-1.38,0.09,1
2021-05-20,1.03,1.0,0.96,26.66,-0.89,0.56,-1.62,0.87,1
2021-05-21,0.91,0.0,0.61,24.24,0.32,0.33,0.46,0.87,1
2021-05-24,0.64,1.0,0.63,24.3,0.22,-0.36,-0.27,0.08,1
2021-05-25,0.73,2.0,0.36,22.76,0.37,0.16,1.46,0.81,2
2021-05-26,0.47,2.0,0.5,23.4,0.19,-0.02,1.38,0.37,2
2021-05-27,0.26,1.0,0.41,22.35,0.13,0.06,1.68,0.72,2
2021-05-28,0.3,1.0,0.47,22.12,-0.08,-0.02,1.41,0.48,2
2021-06-01,0.33,2.0,0.42,21.44,0.09,-0.21,1.42,0.12,2
2021-06-02,0.77,0.0,0.54,22.68,0.26,-0.12,0.86,0.32,2
2021-06-03,0.47,1.0,0.43,22.01,0.07,0.07,1.06,0.68,2
2021-06-04,0.64,1.0,0.69,23.25,-0.53,-0.18,-0.21,0.38,2
2021-06-07,0.78,1.0,0.41,21.22,0.4,0.18,1.5,0.86,2
2021-06-08,0.42,1.0,0.45,21.37,-0.09,0.45,1.74,1.0,2
2021-06-09,0.76,1.0,0.6,21.58,0.29,0.0,1.61,0.42,2
2021-06-10,0.43,1.0,0.5,22.01,0.25,-0.25,1.5,0.11,2
2021-06-11,0.74,0.0,0.56,19.98,0.06,0.36,2.44,0.94,2
2021-06-14,0.3,1.0,0.22,19.16,-0.02,0.18,2.49,0.92,2
2021-06-15,0.79,1.0,0.16,20.06,0.11,0.61,3.29,0.92,2
2021-06-16,0.57,2.0,0.64,20.93,-0.05,-0.13,2.54,0.27,2
2021-06-17,1.27,1.0,0.97,21.46,0.08,-0.21,1.99,0.52,2
2021-06-18,1.26,2.0,1.05,20.35,-0.16,0.38,3.4,0.89,2
2021-06-21,0.56,2.0,1.03,22.43,-0.41,-0.21,2.39,0.26,2
2021-06-22,0.85,1.0,0.88,20.78,0.04,0.41,3.02,0.95,2
2021-06-23,0.8,0.0,0.74,20.0,-0.07,0.51,3.94,0.93,2
2021-06-24,0.39,0.0,0.73,19.82,-0.04,-0.04,3.91,0.48,2
2021-06-25,0.45,1.0,0.81,19.6,0.37,-0.15,4.47,0.29,2
2021-06-28,0.37,0.0,0.78,19.31,0.12,-0.16,4.16,0.14,2
2021-06-29,0.64,2.0,0.62,19.58,0.35,0.23,5.41,0.88,2
2021-06-30,0.57,1.0,0.71,20.09,0.01,0.39,5.9,0.97,2
2021-07-01,0.3,0.0,0.72,20.14,-0.11,0.04,5.6,0.61,2
2021-07-02,0.52,2.0,0.77,20.07,-0.13,0.1,5.36,0.66,2
2021-07-06,0.58,1.0,0.67,19.28,0.5,0.32,6.54,0.85,2
2021-07-07,0.88,1.0,1.07,21.0,0.15,0.26,6.69,0.89,2
2021-07-08,0.84,1.0,1.16,21.11,0.53,0.04,6.92,0.49,2
2021-07-09,1.16,1.0,1.21,23.6,-1.13,0.37,6.11,0.78,2
2021-07-12,0.86,0.0,0.82,21.23,-0.08,0.32,6.74,0.87,2
2021-07-13,0.45,0.0,0.7,19.68,0.31,0.25,7.09,0.9,2
2021-07-14,0.86,1.0,0.98,20.87,-0.14,-0.31,6.87,0.22,2
2021-07-15,0.72,1.0,0.95,19.99,0.53,-0.19,6.95,0.3,2
2021-07-16,1.04,1.0,1.15,20.11,-0.05,-0.13,5.85,0.33,2
2021-07-19,1.12,1.0,0.99,21.06,0.3,-0.51,4.91,0.05,2
2021-07-20,0.69,0.0,1.41,23.44,-0.73,0.34,3.94,0.85,2
2021-07-21,1.38,1.0,0.87,21.68,0.18,0.43,5.0,0.78,2
2021-07-22,0.73,0.0,0.78,20.4,-0.11,0.43,5.58,0.94,2
2021-07-23,0.58,1.0,0.94,19.78,0.06,0.33,6.2,0.94,2
2021-07-26,0.95,0.0,0.87,19.06,0.21,0.32,7.03,0.88,2
2021-07-27,0.49,1.0,0.67,20.37,-0.11,0.14,6.89,0.86,2
2021-07-28,1.77,1.0,1.09,22.84,-0.09,-0.01,5.1,0.41,2
2021-07-29,0.88,0.0,0.99,20.96,0.45,-0.07,5.47,0.54,2
2021-07-30,0.57,1.0,0.66,20.55,-0.06,-0.46,5.1,0.07,2
2021-08-02,0.58,0.0,0.71,20.81,-0.57,0.19,4.76,0.91,2
2021-08-03,0.6,0.0,0.71,21.49,0.3,-0.21,4.48,0.27,2
2021-08-04,1.04,1.0,0.89,20.52,0.11,0.57,4.78,0.94,2
2021-08-05,0.57,1.0,0.71,20.68,0.03,0.17,4.79,0.7,2
2021-08-06,0.52,0.0,0.51,20.19,0.14,0.18,5.18,0.88,2
2021-08-09,0.55,2.0,0.66,19.61,-0.28,-0.05,4.48,0.43,2
2021-08-10,0.42,0.0,0.58,19.69,0.13,0.05,4.49,0.7,2
2021-08-11,0.9,1.0,0.78,20.38,0.12,-0.16,3.72,0.28,2
2021-08-12,0.87,0.0,0.78,20.45,0.32,-0.09,3.31,0.3,2
2021-08-13,0.84,1.0,0.64,19.4,-0.06,0.29,3.56,0.89,2
2021-08-16,0.41,0.0,0.47,18.52,0.08,0.1,3.71,0.78,2
2021-08-17,1.29,1.0,0.82,19.05,-0.26,0.81,3.55,0.98,2
2021-08-18,0.92,0.0,1.07,21.17,-0.67,0.0,2.29,0.51,2
2021-08-19,1.12,1.0,0.97,24.35,0.0,-0.79,1.26,0.07,2
2021-08-20,1.3,2.0,1.16,23.52,-0.43,0.25,1.71,0.75,2
2021-08-23,0.76,1.0,0.67,20.97,0.18,0.25,2.59,0.94,2
2021-08-24,1.13,0.0,0.67,19.8,0.19,0.34,4.0,0.92,2
2021-08-25,0.35,0.0,0.53,19.86,0.06,0.01,4.02,0.58,2
2021-08-26,0.34,1.0,0.62,19.6,0.07,0.02,3.93,0.5,2
2021-08-27,0.6,0.0,0.9,21.37,-0.16,-0.22,3.12,0.15,2
2021-08-30,0.94,2.0,0.76,18.54,0.16,0.19,3.95,0.87,2
2021-08-31,0.92,1.0,0.64,19.08,0.19,0.24,5.0,0.92,2
2021-09-01,0.53,0.0,0.78,19.48,0.01,0.18,4.73,0.87,2
2021-09-02,0.54,0.0,0.71,19.84,0.19,-0.24,4.7,0.21,2
2021-09-03,0.75,1.0,0.82,20.03,0.26,-0.15,4.31,0.33,2
2021-09-07,0.67,0.0,0.68,19.75,-0.22,0.13,4.53,0.86,2
2021-09-08,0.57,1.0,0.78,20.96,0.01,0.01,4.21,0.57,2
2021-09-09,0.86,1.0,0.99,20.81,0.03,0.09,3.9,0.63,2
2021-09-10,0.78,2.0,0.86,21.45,0.1,-0.36,3.38,0.11,2
2021-09-13,1.42,0.0,0.5,22.75,0.47,-0.72,2.54,0.09,2
2021-09-14,1.27,1.0,0.35,21.6,0.55,0.2,2.37,0.45,2
2021-09-15,1.05,1.0,0.83,21.68,0.27,-0.15,1.93,0.3,2
2021-09-16,1.21,1.0,0.84,20.12,0.04,0.69,2.51,0.93,2
2021-09-17,1.01,1.0,0.82,20.17,-0.33,0.45,2.41,0.8,2
2021-09-20,1.21,1.0,1.1,22.27,-0.09,-0.27,1.02,0.12,2
2021-09-21,1.94,1.0,1.37,27.23,-1.28,0.14,-1.11,0.54,0
2021-09-22,0.83,1.0,1.14,26.42,0.46,-0.43,-1.19,0.08,0
2021-09-23,1.09,1.0,0.97,22.97,0.4,0.17,0.03,0.74,2
2021-09-24,0.82,0.0,0.68,21.22,0.2,0.06,0.89,0.77,2
2021-09-27,0.72,1.0,0.67,20.93,-0.51,0.43,0.89,0.88,2
2021-09-28,0.74,0.0,0.81,21.83,-0.67,0.06,-0.05,0.69,2
2021-09-29,1.43,2.0,1.37,27.35,-0.91,-0.52,-2.93,0.06,0
2021-09-30,0.91,2.0,1.26,26.71,0.28,-0.22,-2.85,0.32,0
2021-10-01,0.97,1.0,1.28,26.65,0.17,-0.53,-3.32,0.15,0
2021-10-04,1.3,1.0,1.17,24.84,0.03,0.68,-2.88,0.82,0
2021-10-05,1.61,1.0,1.38,27.72,-0.28,0.12,-4.7,0.34,0
2021-10-06,1.12,1.0,0.74,25.45,0.08,-0.01,-3.48,0.63,1
2021-10-07,1.19,1.0,1.11,24.87,-0.58,0.83,-2.77,0.98,1
2021-10-08,0.59,0.0,0.63,23.22,0.51,-0.38,-1.86,0.24,1
2021-10-11,0.63,2.0,0.78,23.16,0.17,-0.38,-2.45,0.07,1
2021-10-12,0.89,1.0,0.64,23.49,-0.22,-0.79,-3.15,0.04,1
2021-10-13,0.76,1.0,0.83,23.41,0.29,-0.48,-3.63,0.09,1
2021-10-14,0.57,0.0,0.72,21.23,0.56,0.26,-2.62,0.73,2
2021-10-15,0.67,1.0,0.45,19.09,0.68,0.38,-0.68,0.99,2
2021-10-18,0.4,1.0,0.43,18.51,0.17,0.33,-0.09,0.97,2
2021-10-19,1.06,0.0,0.43,18.83,-0.26,0.68,0.96,0.98,2
2021-10-20,0.54,0.0,0.47,18.31,0.15,0.33,1.72,0.89,2
2021-10-21,0.55,1.0,0.53,18.73,0.02,-0.22,1.31,0.31,2
2021-10-22,0.66,2.0,0.46,18.63,-0.05,0.09,1.76,0.66,2
2021-10-25,0.85,1.0,0.78,19.12,-0.05,-0.2,1.05,0.32,2
2021-10-26,0.99,1.0,0.5,18.8,0.31,0.48,2.18,0.86,2
2021-10-27,0.88,1.0,0.76,19.38,0.38,-0.4,2.33,0.2,2
2021-10-28,0.71,1.0,0.65,20.12,0.13,-0.25,2.64,0.25,2
2021-10-29,0.64,1.0,0.6,19.75,0.32,0.03,3.34,0.57,2
2021-11-01,1.06,0.0,0.64,19.64,-0.39,0.72,4.09,1.0,2
2021-11-02,0.58,1.0,0.55,19.73,0.04,0.31,4.16,0.85,2
2021-11-03,0.53,0.0,0.7,19.73,-0.06,0.12,4.56,0.8,2
2021-11-04,0.98,1.0,0.79,19.43,0.11,0.76,5.59,0.91,2
2021-11-05,1.03,1.0,0.91,20.26,0.24,0.23,6.81,0.78,2
2021-11-08,0.72,1.0,0.97,21.57,0.37,-0.25,6.74,0.31,2
2021-11-09,0.43,0.0,0.81,21.88,0.04,-0.11,6.51,0.28,2
2021-11-10,1.11,0.0,1.24,22.69,0.23,-0.21,5.58,0.19,2
2021-11-11,1.53,1.0,1.23,23.27,-0.49,-0.55,4.03,0.25,2
2021-11-12,0.48,2.0,0.7,22.37,0.56,-0.13,4.34,0.28,2
2021-11-15,0.99,1.0,0.72,21.42,0.16,0.42,5.32,0.91,2
2021-11-16,0.8,1.0,0.86,21.71,0.21,0.21,5.25,0.67,2
2021-11-17,0.82,1.0,0.65,21.28,-0.19,0.24,5.82,0.84,2
2021-11-18,0.61,1.0,0.74,21.56,0.09,-0.12,5.77,0.25,2
2021-11-19,0.97,1.0,0.86,21.39,0.47,0.44,6.83,0.88,2
2021-11-22,0.54,0.0,0.66,21.75,0.34,0.0,7.32,0.53,2
2021-11-23,1.98,1.0,1.02,23.5,0.31,-1.08,6.06,0.1,0
2021-11-24,1.41,1.0,1.29,24.43,-0.34,0.22,5.08,0.51,0
2021-11-26,1.22,1.0,0.88,23.82,-0.34,0.55,5.51,0.96,1
2021-11-30,0.99,1.0,0.78,24.63,0.84,0.5,5.6,0.85,1
2021-12-01,1.62,1.0,1.28,27.39,-0.19,-0.05,4.24,0.37,0
2021-12-02,2.43,2.0,1.14,30.95,0.51,-1.99,1.97,0.1,0
2021-12-03,1.14,1.0,1.24,29.78,-0.23,0.17,2.47,0.71,0
2021-12-06,2.07,1.0,1.05,33.41,0.26,-0.16,0.49,0.27,0
2021-12-07,1.19,1.0,0.85,30.17,0.17,0.45,1.37,0.81,1
2021-12-08,0.8,1.0,0.54,25.79,1.0,0.41,4.51,0.94,1
2021-12-09,0.49,1.0,0.52,24.82,-0.01,0.4,4.67,0.9,1
2021-12-10,1.0,1.0,0.69,26.42,-0.16,-0.8,2.89,0.06,1
2021-12-13,0.69,0.0,0.34,23.95,0.43,0.43,3.87,0.92,1
2021-12-14,0.95,1.0,0.28,24.04,0.02,-0.65,2.15,0.07,1
2021-12-15,0.91,0.0,0.8,25.31,-0.69,0.34,0.96,0.71,1
2021-12-16,1.88,2.0,1.16,23.42,-0.05,2.02,3.07,0.97,0
2021-12-17,1.77,1.0,1.02,25.24,0.12,-0.82,0.3,0.16,0
2021-12-20,0.93,2.0,1.1,26.55,-0.51,0.03,-0.22,0.55,1
2021-12-21,0.59,3.0,0.74,27.88,-0.74,0.68,-1.19,1.0,1
2021-12-22,1.16,1.0,0.66,24.96,0.23,1.2,0.51,0.96,1
2021-12-23,0.75,0.0,0.55,22.15,-0.03,0.72,1.63,0.97,2
2021-12-27,0.54,0.0,0.41,21.32,0.02,0.13,2.24,0.7,2
2021-12-28,0.71,0.0,0.4,21.72,0.14,0.38,3.68,0.96,2
2021-12-29,0.49,1.0,0.61,21.54,0.11,0.0,3.23,0.44,2
2021-12-30,0.51,0.0,0.5,21.28,-0.09,0.13,2.78,0.57,2
2021-12-31,0.51,1.0,0.44,21.38,-0.01,-0.47,2.38,0.18,2
2022-01-03,0.5,1.0,0.45,21.2,-0.1,-0.28,1.62,0.17,2
2022-01-04,0.72,1.0,0.79,21.17,0.15,0.46,2.46,0.96,2
2022-01-05,1.28,1.0,0.94,22.32,0.05,-0.21,0.84,0.3,2
2022-01-06,1.66,1.0,1.3,25.98,-0.18,-1.64,-2.15,0.07,0
2022-01-07,0.97,0.0,1.27,25.81,-0.32,-0.03,-2.22,0.62,0
2022-01-10,1.03,1.0,1.15,25.65,-0.08,-0.35,-3.48,0.23,0
2022-01-11,1.5,1.0,1.55,25.83,-0.67,1.66,-3.38,0.96,0
2022-01-12,1.14,0.0,1.13,24.28,-0.11,0.9,-1.94,0.97,0
2022-01-13,0.66,2.0,1.08,23.44,0.34,0.03,-1.42,0.55,0
2022-01-14,1.64,1.0,1.16,27.05,0.11,-1.38,-3.98,0.08,0
2022-01-18,0.7,0.0,1.12,25.72,-0.34,0.62,-3.33,0.95,0
2022-01-19,0.79,1.0,1.05,29.36,-0.74,-0.54,-5.47,0.18,0
2022-01-20,1.04,1.0,1.24,29.02,0.14,-1.2,-6.6,0.04,0
2022-01-21,1.69,2.0,0.97,30.61,0.39,-2.36,-8.03,0.02,0
2022-01-24,1.27,2.0,1.42,34.06,-0.1,-1.53,-10.11,0.03,0
2022-01-25,2.27,2.0,1.79,35.55,-0.64,3.09,-9.41,0.97,0
2022-01-26,1.0,1.0,1.23,38.2,-0.73,-0.68,-11.94,0.14,0
2022-01-27,1.68,1.0,1.15,38.1,1.02,-2.02,-11.71,0.15,0
2022-01-28,1.12,1.0,0.86,36.64,0.63,-1.22,-11.91,0.13,0
2022-01-31,1.39,2.0,0.85,33.31,0.15,1.86,-9.2,0.92,0
2022-02-01,1.16,1.0,0.6,30.16,0.21,0.99,-6.09,0.88,1
2022-02-02,0.78,1.0,0.65,28.0,0.2,1.25,-4.62,0.97,1
2022-02-03,0.81,2.0,0.64,29.58,0.24,-1.26,-5.73,0.09,1
2022-02-04,0.89,1.0,0.62,31.24,-0.35,-0.04,-6.57,0.62,1
2022-02-07,0.87,1.0,0.66,30.32,-0.4,0.3,-6.6,0.58,1
2022-02-08,0.66,2.0,0.54,30.02,0.11,-0.55,-6.83,0.28,1
2022-02-09,0.7,1.0,0.51,28.33,-0.18,0.78,-5.66,0.88,1
2022-02-10,0.44,1.0,0.42,26.87,0.41,0.64,-3.56,1.0,1
2022-02-11,0.95,1.0,0.78,30.07,-0.7,-1.05,-5.68,0.16,1
2022-02-14,1.37,0.0,0.8,34.16,0.03,-1.6,-8.38,0.1,0
2022-02-15,0.67,1.0,0.62,34.07,-0.07,-0.08,-8.06,0.54,1
2022-02-16,0.43,1.0,0.44,31.16,0.49,0.42,-5.79,0.81,1
2022-02-17,0.61,1.0,0.48,29.45,-0.15,0.71,-5.56,0.81,1
2022-02-18,0.86,1.0,0.5,33.21,-0.31,-1.09,-8.2,0.08,1
2022-02-22,0.74,0.0,0.72,33.05,0.1,-0.2,-8.87,0.36,1
2022-02-23,0.92,1.0,0.71,33.13,-0.32,0.18,-8.84,0.58,1
2022-02-24,1.24,2.0,0.81,35.27,0.13,-1.49,-11.53,0.06,0
2022-02-25,2.1,2.0,1.08,34.02,-1.03,2.87,-8.74,0.91,0
2022-02-28,0.78,0.0,0.68,31.19,0.2,0.87,-6.64,0.97,1
2022-03-01,0.64,2.0,0.79,32.72,-0.31,0.61,-6.23,0.74,1
2022-03-02,0.79,1.0,0.7,35.22,-0.08,-0.49,-7.14,0.37,1
2022-03-03,0.73,1.0,0.53,33.05,0.06,0.49,-5.71,0.78,1
2022-03-04,0.86,2.0,0.53,33.34,0.29,-0.53,-6.63,0.24,1
2022-03-07,0.57,1.0,0.57,34.89,-0.25,-0.22,-8.07,0.27,1
2022-03-08,1.33,1.0,0.62,38.73,0.06,-1.88,-11.24,0.04,0
2022-03-09,1.18,1.0,0.94,38.02,-0.01,-0.94,-11.39,0.18,0
2022-03-10,0.64,1.0,0.51,35.34,0.82,0.48,-7.6,0.77,1
2022-03-11,0.5,2.0,0.5,34.23,-0.34,0.41,-8.26,0.76,1
2022-03-14,0.93,1.0,0.24,34.85,0.28,-1.35,-9.74,0.05,1
2022-03-15,0.79,1.0,0.2,36.55,-0.12,-0.8,-10.87,0.18,1
2022-03-16,0.84,1.0,0.49,34.65,0.15,0.98,-8.05,0.87,1
2022-03-17,1.05,2.0,0.62,30.81,0.39,1.46,-4.13,0.97,1
2022-03-18,0.64,1.0,0.48,29.51,-0.16,0.95,-2.75,0.91,1
2022-03-21,0.9,1.0,0.49,27.76,-0.12,1.14,-0.31,0.98,1
2022-03-22,0.59,1.0,0.63,28.66,-0.09,0.48,-0.26,0.74,1
2022-03-23,0.68,2.0,0.54,27.71,-0.01,0.41,1.75,0.89,1
2022-03-24,0.52,1.0,0.66,28.84,-0.27,-0.66,0.5,0.07,1
2022-03-25,0.74,1.0,0.61,27.89,0.15,1.18,2.75,0.97,1
2022-03-28,0.53,2.0,0.69,27.34,0.01,0.43,2.84,0.75,1
2022-03-29,0.67,2.0,0.62,26.53,0.01,0.99,4.65,0.96,1
2022-03-30,0.54,1.0,0.66,25.87,0.38,0.53,6.38,0.8,1
2022-03-31,0.52,2.0,0.65,26.4,-0.13,-0.24,5.62,0.41,1
2022-04-01,0.57,1.0,0.72,26.99,-0.06,-0.59,4.33,0.26,1
2022-04-04,0.5,2.0,0.74,25.91,-0.05,0.08,3.75,0.51,1
2022-04-05,0.71,1.0,0.5,24.93,0.16,0.59,6.02,0.94,1
2022-04-06,0.88,1.0,0.76,27.4,-0.13,-0.59,3.7,0.17,1
2022-04-07,0.64,2.0,1.13,28.91,-0.59,0.02,1.31,0.42,1
2022-04-08,0.78,1.0,0.98,28.48,-0.09,0.4,1.55,0.72,1
2022-04-11,0.47,1.0,0.89,28.06,-0.19,-0.49,0.03,0.14,1
2022-04-12,0.53,2.0,0.75,30.75,-0.45,-0.57,-2.36,0.07,1
2022-04-13,1.0,1.0,0.91,30.38,0.5,-0.99,-2.67,0.17,1
2022-04-14,0.86,1.0,0.67,26.85,0.01,0.64,-0.66,0.85,1
2022-04-18,0.93,1.0,0.7,28.86,0.02,-1.05,-2.86,0.03,1
2022-04-19,0.54,1.0,0.74,29.53,-0.09,0.41,-2.16,0.82,1
2022-04-20,1.04,1.0,0.68,29.1,-0.22,-0.23,-1.35,0.57,1
2022-04-21,0.79,2.0,0.84,28.47,0.47,-0.09,-1.32,0.33,1
2022-04-22,1.58,1.0,0.99,31.37,0.28,-1.88,-3.67,0.08,0
2022-04-25,1.16,1.0,1.07,35.39,0.02,-1.6,-6.3,0.02,0
2022-04-26,0.78,1.0,1.15,33.83,-0.08,1.04,-4.72,0.89,0
2022-04-27,1.6,3.0,1.07,38.93,-0.18,-2.0,-8.96,0.14,0
2022-04-28,0.77,0.0,1.17,36.91,0.31,0.1,-7.3,0.54,0
2022-04-29,1.21,1.0,1.02,35.49,0.25,0.27,-5.8,0.51,0
2022-05-02,1.41,1.0,0.95,38.25,-0.01,-1.75,-8.42,0.12,0
2022-05-03,0.86,1.0,1.06,37.81,-0.14,1.02,-7.32,0.84,1
2022-05-04,0.5,0.0,0.84,36.0,0.11,0.3,-6.52,0.69,1
2022-05-05,1.59,2.0,0.87,31.98,-0.02,2.75,-3.68,0.92,0
2022-05-06,1.48,1.0,1.1,37.19,-0.36,-0.09,-7.85,0.32,0
2022-05-09,0.9,1.0,1.1,37.4,-0.33,-0.72,-9.66,0.3,0
2022-05-10,0.94,2.0,0.91,41.43,-0.43,-0.71,-12.41,0.25,0
2022-05-11,0.82,0.0,1.14,40.08,0.57,-0.16,-11.42,0.45,0
2022-05-12,1.18,1.0,0.98,40.67,-0.2,-1.62,-13.52,0.14,0
2022-05-13,0.95,0.0,0.97,41.36,-0.48,0.16,-13.94,0.52,0
2022-05-16,0.79,2.0,0.63,37.61,0.46,0.36,-10.47,0.81,1
2022-05-17,0.45,1.0,0.74,37.44,-0.11,-0.4,-11.08,0.27,1
2022-05-18,0.54,1.0,0.65,33.88,0.53,0.82,-8.55,0.95,1
2022-05-19,1.15,1.0,0.74,38.81,-0.43,-1.85,-13.38,0.02,0
2022-05-20,0.6,1.0,0.84,36.15,-0.05,-0.36,-13.2,0.34,1
2022-05-23,1.21,1.0,0.83,36.18,0.29,0.69,-13.5,0.58,1
2022-05-24,0.62,2.0,0.72,35.18,0.14,0.88,-11.55,0.92,1
2022-05-25,0.59,0.0,0.8,36.17,-0.51,0.83,-13.23,0.83,1
2022-05-26,0.7,1.0,0.74,35.38,-0.18,0.39,-12.19,0.65,1
2022-05-27,0.97,0.0,0.52,33.63,-0.02,0.36,-9.54,0.8,1
2022-05-31,0.65,1.0,0.47,32.0,0.34,0.97,-6.06,0.97,1
2022-06-01,0.63,2.0,0.68,33.01,-0.04,-0.01,-5.96,0.58,1
2022-06-02,0.8,2.0,0.67,32.6,0.19,-0.38,-6.72,0.24,1
2022-06-03,1.01,1.0,0.49,31.44,-0.09,1.45,-4.0,0.95,1
2022-06-06,0.5,1.0,0.57,31.75,-0.45,-0.21,-6.07,0.27,1
2022-06-07,0.61,0.0,0.47,32.15,0.39,-0.58,-5.66,0.18,1
2022-06-08,0.74,1.0,0.44,31.03,-0.28,0.68,-4.52,0.86,1
2022-06-09,0.47,2.0,0.56,30.69,-0.05,-0.46,-4.78,0.2,1
2022-06-10,0.98,1.0,0.65,32.72,-0.18,-2.02,-7.02,0.06,1
2022-06-13,0.62,0.0,0.42,34.04,-0.55,-0.33,-9.81,0.13,1
2022-06-14,0.74,1.0,0.45,40.29,-0.9,-0.65,-13.43,0.23,1
2022-06-15,0.5,0.0,0.7,38.5,0.2,-0.02,-12.83,0.49,1
2022-06-16,0.97,1.0,0.78,35.32,0.33,0.5,-10.26,0.57,1
2022-06-17,0.64,2.0,0.72,38.68,-0.65,0.03,-13.0,0.46,1
2022-06-21,0.61,1.0,0.77,36.66,-0.02,0.13,-11.66,0.67,1
2022-06-22,0.46,0.0,0.56,36.05,0.4,-0.24,-8.62,0.52,1
2022-06-23,0.68,0.0,0.75,35.92,-0.25,-0.71,-8.8,0.37,1
2022-06-24,0.51,2.0,0.81,35.28,0.23,0.51,-7.21,0.74,1
2022-06-27,0.72,1.0,0.65,33.79,0.33,0.79,-3.69,0.87,1
2022-06-28,0.51,0.0,0.87,33.59,0.18,-0.1,-3.76,0.32,1
2022-06-29,1.2,1.0,0.92,35.42,-0.01,-1.63,-6.54,0.03,0
2022-06-30,0.43,0.0,0.8,35.37,-0.02,-0.01,-6.26,0.57,1
2022-07-01,0.8,1.0,0.95,36.2,-0.27,-0.34,-7.28,0.45,1
2022-07-05,0.55,0.0,0.8,34.25,-0.05,0.87,-6.04,0.89,1
2022-07-06,1.05,1.0,0.9,34.91,-0.37,1.81,-3.81,0.96,1
2022-07-07,0.54,1.0,0.91,33.76,0.07,0.48,-2.97,0.67,1
2022-07-08,0.63,1.0,0.54,32.81,0.05,0.52,-0.92,0.82,1
2022-07-11,0.59,1.0,0.67,31.14,-0.27,0.35,-0.36,0.79,1
2022-07-12,0.54,0.0,0.63,32.93,-0.29,-0.19,-2.28,0.28,1
2022-07-13,0.82,1.0,0.72,34.07,0.08,-0.79,-3.22,0.2,1
2022-07-14,0.87,1.0,0.84,33.76,-0.61,0.11,-3.26,0.65,1
2022-07-15,0.83,1.0,0.68,32.73,-0.25,1.21,-2.51,0.92,1
2022-07-18,0.44,1.0,0.57,30.38,0.3,0.48,-0.59,0.96,1
2022-07-19,0.87,1.0,0.58,31.6,0.29,-1.27,-1.26,0.17,1
2022-07-20,0.81,1.0,0.56,30.69,0.39,1.13,2.19,0.99,1
2022-07-21,0.69,0.0,0.67,30.58,-0.02,0.29,3.64,0.78,1
2022-07-22,0.75,1.0,0.66,29.34,0.07,0.45,4.62,0.7,1
2022-07-25,0.95,1.0,0.73,29.1,0.1,-0.54,3.32,0.23,1
2022-07-26,0.48,1.0,0.62,29.44,0.0,0.16,2.81,0.55,1
2022-07-27,0.61,1.0,0.58,30.96,-0.24,-0.05,1.0,0.38,1
2022-07-28,1.15,1.0,0.75,29.98,0.41,0.65,4.4,0.7,1
2022-07-29,1.05,0.0,0.74,28.46,0.11,1.41,6.3,0.9,1
2022-08-01,0.71,1.0,0.7,27.23,0.0,0.65,7.59,0.83,1
2022-08-02,0.69,0.0,0.78,28.76,-0.19,-0.09,7.6,0.49,1
2022-08-03,0.76,1.0,0.88,29.99,-0.31,-0.32,6.86,0.32,1
2022-08-04,0.89,1.0,0.72,28.0,0.23,0.56,9.53,0.83,1
2022-08-05,0.44,1.0,0.76,27.83,0.05,0.43,9.88,0.89,1
2022-08-08,0.63,1.0,0.81,27.14,-0.59,0.14,8.64,0.54,1
2022-08-09,0.85,1.0,0.85,27.65,0.16,-0.39,8.29,0.25,1
2022-08-10,0.43,1.0,0.73,28.42,-0.27,0.21,6.88,0.59,1
2022-08-11,0.49,2.0,0.65,25.71,0.84,0.37,9.44,0.84,1
2022-08-12,0.83,1.0,0.79,26.12,0.31,-0.7,8.93,0.16,1
2022-08-15,0.65,1.0,0.61,25.19,0.2,0.77,10.75,0.94,1
2022-08-16,0.5,1.0,0.56,25.41,-0.1,0.43,11.41,0.81,1
2022-08-17,0.65,1.0,0.68,25.54,-0.1,0.13,11.05,0.57,1
2022-08-18,0.63,2.0,0.79,26.32,-0.39,0.04,9.71,0.48,1
2022-08-19,0.47,1.0,0.68,25.47,-0.05,0.09,9.69,0.67,1
2022-08-22,0.62,1.0,0.66,26.73,-0.39,-0.22,7.4,0.16,1
2022-08-23,0.68,1.0,0.69,29.64,-0.56,-0.32,4.59,0.23,1
2022-08-24,0.47,0.0,0.77,29.66,-0.08,-0.27,4.23,0.18,1
2022-08-25,0.51,2.0,0.61,28.94,-0.06,0.07,4.5,0.61,1
2022-08-26,0.64,1.0,0.74,28.06,0.19,0.62,5.75,0.89,1
2022-08-29,1.97,1.0,0.91,31.68,0.02,-1.88,1.2,0.02,0
2022-08-30,0.5,0.0,0.91,32.27,-0.33,-0.37,0.06,0.25,1
2022-08-31,1.07,1.0,1.2,32.12,0.23,0.04,-1.1,0.36,1
2022-09-01,0.73,0.0,0.85,32.17,0.33,-0.51,-1.8,0.12,1
2022-09-02,0.88,1.0,0.94,32.29,-0.41,1.02,-2.26,0.86,1
2022-09-06,1.33,1.0,0.96,32.27,0.46,-1.11,-3.47,0.19,1
2022-09-07,0.74,0.0,0.94,33.59,0.02,-0.23,-4.4,0.33,1
2022-09-08,0.86,1.0,0.75,31.53,0.09,0.89,-2.47,0.81,1
2022-09-09,0.81,1.0,0.87,30.45,-0.24,0.69,-1.81,0.85,1
2022-09-12,0.62,1.0,0.37,29.12,0.24,0.4,0.07,0.88,1
2022-09-13,0.4,1.0,0.33,29.79,0.19,0.42,1.31,0.98,1
2022-09-14,1.35,1.0,0.76,33.26,-0.98,-1.5,-3.97,0.09,0
2022-09-15,0.47,2.0,0.83,32.49,0.14,0.46,-3.23,0.82,1
2022-09-16,0.88,2.0,0.82,32.68,-0.27,-0.43,-4.92,0.27,1
2022-09-19,0.51,1.0,0.88,32.84,-0.45,0.71,-5.6,0.92,1
2022-09-20,0.76,2.0,0.72,32.35,-0.35,0.95,-4.75,0.88,1
2022-09-21,0.59,2.0,0.78,33.37,-0.37,0.19,-5.44,0.62,1
2022-09-22,1.4,1.0,0.94,33.91,0.04,-1.86,-7.44,0.03,0
2022-09-23,0.52,1.0,0.82,32.93,-0.16,-0.15,-8.43,0.34,1
2022-09-26,0.73,1.0,0.8,34.88,-0.33,0.19,-9.94,0.61,1
2022-09-27,0.74,2.0,0.91,36.85,-0.07,-0.69,-10.4,0.08,1
2022-09-28,1.01,0.0,0.9,37.07,0.49,-0.15,-10.02,0.33,1
2022-09-29,1.05,1.0,0.68,35.44,-0.04,0.95,-8.25,0.84,1
2022-09-30,0.92,1.0,0.72,36.88,-0.51,0.18,-10.77,0.44,1
2022-10-03,0.97,2.0,0.76,36.55,-0.12,-1.16,-11.76,0.17,1
2022-10-04,0.92,2.0,0.63,35.58,0.07,0.77,-9.69,0.86,1
2022-10-05,0.46,0.0,0.67,34.4,0.58,0.22,-6.91,0.77,1
2022-10-06,0.97,1.0,0.73,34.18,-0.44,1.18,-6.72,0.82,1
2022-10-07,0.56,0.0,0.81,35.81,-0.17,-0.48,-7.51,0.08,1
2022-10-10,0.89,1.0,0.72,36.79,-0.57,-0.77,-10.93,0.17,1
2022-10-11,0.7,0.0,0.71,38.47,0.04,-0.04,-11.52,0.47,1
2022-10-12,0.78,1.0,0.87,39.26,-0.21,-0.33,-12.33,0.34,1
2022-10-13,0.4,0.0,0.66,39.4,0.02,-0.26,-12.13,0.28,1
2022-10-14,1.95,1.0,1.04,38.28,-0.95,1.66,-10.08,0.88,0
2022-10-17,1.36,1.0,0.75,37.75,0.34,-1.21,-12.2,0.07,0
2022-10-18,0.4,0.0,0.57,37.07,0.66,0.3,-8.85,0.86,1
2022-10-19,0.96,1.0,0.77,36.16,0.76,0.54,-7.28,0.56,1
2022-10-20,0.64,1.0,0.64,36.37,-0.41,-0.35,-8.14,0.37,1
2022-10-21,0.79,1.0,0.58,35.75,-0.07,-0.82,-8.22,0.18,1
2022-10-24,1.06,1.0,0.7,35.22,-0.13,1.6,-5.67,0.95,1
2022-10-25,0.84,2.0,0.54,35.41,0.01,0.98,-4.39,0.87,1
2022-10-26,0.6,1.0,0.53,34.1,0.11,-0.48,-3.07,0.36,1
2022-10-27,0.8,1.0,0.7,33.32,-0.33,-0.84,-3.89,0.15,1
2022-10-28,1.2,3.0,0.69,33.8,-0.15,-2.25,-6.88,0.06,0
2022-10-31,1.08,1.0,0.57,31.81,0.41,1.37,-1.95,0.99,1
2022-11-01,0.41,0.0,0.54,31.56,-0.29,0.01,-2.88,0.55,1
2022-11-02,0.87,1.0,0.66,32.01,0.38,-0.89,-3.87,0.02,1
2022-11-03,1.49,2.0,0.69,32.09,0.08,-2.51,-6.81,0.03,0
2022-11-04,0.48,0.0,0.68,31.79,-0.25,-0.57,-8.1,0.17,1
2022-11-07,0.83,1.0,0.94,30.86,0.52,0.6,-6.56,0.69,1
2022-11-08,0.51,1.0,0.54,30.8,0.16,0.85,-4.95,0.91,1
2022-11-09,0.82,2.0,0.66,31.59,0.15,-0.12,-4.21,0.49,1
2022-11-10,0.62,1.0,0.63,32.51,-0.16,-0.95,-5.98,0.1,1
2022-11-11,1.05,1.0,0.65,30.38,1.41,1.54,1.07,0.94,1
2022-11-14,0.79,1.0,0.72,28.93,-0.01,0.88,3.1,0.91,1
2022-11-15,0.51,1.0,0.57,30.03,-0.23,-0.22,2.51,0.35,1
2022-11-16,0.8,1.0,0.86,30.31,0.67,-0.35,3.7,0.46,1
2022-11-17,0.35,0.0,0.61,30.04,-0.2,0.09,2.64,0.53,1
2022-11-18,0.63,2.0,0.64,30.03,-0.61,0.42,2.19,0.73,1
2022-11-21,0.65,1.0,0.66,29.25,0.34,0.1,2.23,0.42,1
2022-11-22,0.41,2.0,0.53,28.99,-0.16,-0.1,1.4,0.27,1
2022-11-23,0.66,1.0,0.48,27.79,0.07,0.87,2.94,0.94,1
2022-11-25,0.44,1.0,0.53,26.66,0.01,0.32,4.11,0.87,1
2022-11-29,0.65,1.0,0.52,28.3,-0.24,-0.49,2.0,0.21,1
2022-11-30,0.54,0.0,0.64,28.38,0.01,-0.28,1.07,0.24,1
2022-12-01,1.77,2.0,0.89,26.46,0.08,2.75,5.96,0.98,0
2022-12-02,0.61,0.0,0.77,26.09,0.01,0.12,5.88,0.52,1
2022-12-05,0.65,1.0,0.63,24.79,-0.62,0.57,5.39,0.77,1
2022-12-06,0.7,1.0,0.6,26.17,-0.24,-0.49,3.5,0.21,1
2022-12-07,0.94,1.0,0.78,27.51,0.02,-0.4,1.39,0.19,1
2022-12-08,0.48,0.0,0.78,28.12,-0.16,-0.12,0.77,0.36,1
2022-12-09,0.66,0.0,0.64,27.88,0.22,0.21,2.02,0.79,1
2022-12-12,0.54,2.0,0.6,27.97,-0.13,-0.67,1.36,0.11,1
2022-12-13,0.6,1.0,0.3,30.07,0.03,0.8,2.41,0.88,1
2022-12-14,1.51,1.0,0.81,27.24,1.96,-0.62,4.57,0.24,0
2022-12-15,1.08,2.0,0.83,25.77,-0.08,-0.48,3.86,0.46,1
2022-12-16,0.98,0.0,0.79,27.37,-0.63,-0.53,0.01,0.15,1
2022-12-19,0.66,1.0,0.8,27.31,-0.07,-0.21,-1.11,0.2,1
2022-12-20,0.71,1.0,0.74,27.41,0.11,-0.41,-2.26,0.23,1
2022-12-21,0.57,0.0,0.81,26.64,-0.16,0.05,-2.32,0.62,1
2022-12-22,0.67,1.0,0.75,25.15,0.13,0.35,-0.81,0.83,1
2022-12-23,1.1,1.0,0.84,27.34,-0.49,0.28,-3.71,0.48,1
2022-12-27,0.59,2.0,0.72,26.33,-0.11,0.37,-3.41,0.83,1
2022-12-28,0.51,0.0,0.63,27.76,-0.06,-0.38,-4.72,0.15,1
2022-12-29,0.76,1.0,0.74,28.37,-0.06,-0.63,-5.94,0.11,1
2022-12-30,0.7,1.0,0.59,27.36,0.33,0.28,-3.68,0.83,1
2023-01-03,0.62,1.0,0.68,27.6,-0.4,1.07,-3.59,0.99,1
2023-01-04,1.12,1.0,0.74,29.12,0.25,-0.2,-4.57,0.25,1
2023-01-05,0.67,0.0,0.98,28.36,0.34,0.21,-4.02,0.61,1
2023-01-06,0.41,0.0,0.81,28.8,-0.22,-0.36,-5.4,0.16,1
2023-01-09,1.35,1.0,0.93,26.96,0.23,1.16,-2.85,0.84,1
2023-01-10,0.74,1.0,0.84,27.86,0.32,-0.98,-2.04,0.1,1
2023-01-11,0.56,0.0,0.9,26.94,-0.14,0.63,-1.14,0.95,1
2023-01-12,0.64,1.0,0.76,27.33,0.14,0.71,0.5,0.95,1
2023-01-13,0.9,3.0,1.07,24.77,0.07,0.51,1.06,0.83,1
2023-01-17,0.72,1.0,0.71,23.83,-0.36,0.64,1.57,0.87,1
2023-01-18,0.48,0.0,0.69,24.76,0.03,0.02,1.66,0.53,1
2023-01-19,1.03,1.0,0.9,25.49,0.26,-1.1,0.34,0.01,1
2023-01-20,0.51,0.0,0.83,25.27,-0.22,-0.06,-0.64,0.44,1
2023-01-23,1.09,1.0,0.76,24.53,0.2,1.1,1.84,0.93,1
2023-01-24,1.11,0.0,0.82,24.62,0.13,0.31,3.93,0.8,1
2023-01-25,0.61,1.0,0.72,24.55,-0.21,0.5,4.21,0.76,1
2023-01-26,1.13,0.0,0.89,24.59,-0.92,1.02,3.1,0.83,1
2023-01-27,0.74,2.0,0.78,25.01,0.54,0.56,4.91,0.83,1
2023-01-30,0.95,1.0,0.83,24.59,-0.11,0.25,6.11,0.67,1
2023-01-31,0.65,1.0,0.78,26.25,-0.49,-0.44,3.96,0.13,1
2023-02-01,0.66,1.0,0.65,25.79,-0.03,0.39,5.06,0.76,1
2023-02-02,1.63,1.0,0.76,24.04,0.11,2.14,8.34,0.96,0
2023-02-03,1.04,0.0,0.91,25.08,0.63,-0.55,10.02,0.2,1
2023-02-06,1.05,1.0,0.92,25.44,-0.44,-0.88,8.99,0.17,1
2023-02-07,0.5,0.0,0.65,25.89,-0.34,-0.16,7.89,0.34,1
2023-02-08,1.21,2.0,0.89,25.45,-0.01,1.14,9.74,0.78,1
2023-02-09,0.8,1.0,0.69,26.46,-0.09,-0.56,7.78,0.08,1
2023-02-10,1.21,0.0,0.8,27.64,0.63,-1.06,6.72,0.16,1
2023-02-13,0.59,1.0,0.73,27.19,-0.3,0.05,5.85,0.55,1
2023-02-14,0.72,1.0,0.58,27.27,0.2,0.47,7.48,0.91,1
2023-02-15,0.94,0.0,0.93,25.03,-0.25,0.66,8.05,0.83,1
2023-02-16,0.78,2.0,0.65,24.09,-0.24,0.94,8.97,0.95,1
2023-02-17,0.77,1.0,0.77,26.1,-0.75,-1.02,6.49,0.02,1
2023-02-21,0.53,1.0,0.72,25.81,-0.27,0.38,5.64,0.76,1
2023-02-22,0.68,1.0,0.53,28.57,-0.53,-0.48,3.05,0.1,1
2023-02-23,0.53,0.0,0.71,28.03,0.03,0.04,3.0,0.46,1
2023-02-24,0.8,1.0,0.66,26.83,0.51,0.32,3.66,0.71,1
2023-02-27,0.42,0.0,0.64,27.18,-0.69,0.22,1.91,0.63,1
2023-02-28,0.46,2.0,0.55,26.66,0.46,-0.19,2.65,0.26,1
2023-03-01,0.52,2.0,0.61,26.41,-0.13,-0.51,2.12,0.06,1
2023-03-02,0.56,1.0,0.62,26.49,0.06,-0.1,1.54,0.3,1
2023-03-03,0.92,1.0,0.58,25.71,-0.42,0.85,2.14,0.82,1
2023-03-06,0.78,1.0,0.57,24.37,0.3,0.7,4.26,0.97,1
2023-03-07,0.63,1.0,0.6,24.24,0.16,-0.64,4.09,0.04,1
2023-03-08,0.83,1.0,0.85,24.65,0.01,-0.54,2.64,0.13,1
2023-03-09,0.54,1.0,0.74,24.13,0.05,0.33,2.95,0.81,1
2023-03-10,1.43,1.0,0.89,26.57,0.08,-1.6,0.79,0.04,0
2023-03-13,1.05,2.0,1.13,27.96,0.09,-0.74,-0.72,0.12,0
2023-03-14,1.41,1.0,0.48,29.44,-0.22,-0.07,0.08,0.63,1
2023-03-15,0.67,2.0,0.67,26.71,0.94,0.29,2.95,0.76,1
2023-03-16,0.91,1.0,0.87,28.65,-0.36,0.94,3.36,0.92,1
2023-03-17,1.49,0.0,0.84,26.61,-0.14,1.18,5.81,0.94,1
2023-03-20,0.83,1.0,0.97,28.4,0.01,0.01,5.12,0.38,1
2023-03-21,0.62,2.0,0.72,27.57,-0.13,0.5,5.12,0.94,1
2023-03-22,0.65,1.0,0.63,25.67,0.28,0.67,6.24,0.86,1
2023-03-23,1.44,2.0,0.91,26.57,0.0,-1.65,4.51,0.05,0
2023-03-24,1.04,2.0,1.07,26.56,0.54,-0.43,5.37,0.34,1
2023-03-27,0.64,1.0,0.88,25.78,-0.03,0.71,5.63,0.95,1
2023-03-28,0.7,1.0,0.68,25.07,0.07,-0.28,4.67,0.24,1
2023-03-29,0.51,1.0,0.6,24.5,-0.13,0.35,3.87,0.74,1
2023-03-30,0.5,2.0,0.58,24.0,0.53,0.31,5.45,0.75,1
2023-03-31,0.36,0.0,0.61,23.98,0.39,0.15,6.29,0.78,1
2023-04-03,0.86,1.0,0.58,23.6,0.01,0.74,7.78,0.98,1
2023-04-04,0.46,1.0,0.58,23.67,-0.36,0.39,7.11,0.9,1
2023-04-05,0.6,2.0,0.71,24.28,0.07,-0.1,6.5,0.36,1
2023-04-06,0.68,0.0,0.65,24.62,-0.2,0.07,5.1,0.42,1
2023-04-10,0.92,1.0,0.66,23.86,-0.26,0.59,5.62,0.9,1
2023-04-11,0.83,1.0,0.66,24.55,-0.5,0.8,5.25,0.99,1
2023-04-12,0.44,0.0,0.73,24.7,-0.05,-0.13,4.37,0.27,1
2023-04-13,1.0,2.0,0.99,24.49,0.31,-0.7,3.23,0.09,1
2023-04-14,0.85,1.0,0.69,23.27,0.27,0.45,5.01,0.87,2
2023-04-17,0.8,1.0,0.89,22.22,-0.25,0.33,4.78,0.67,2
2023-04-18,0.52,1.0,0.8,21.91,-0.1,0.36,4.7,0.85,2
2023-04-19,0.66,0.0,0.84,21.37,0.39,-0.12,4.51,0.22,2
2023-04-20,0.63,1.0,0.74,21.23,-0.37,0.02,4.3,0.56,2
2023-04-21,0.76,2.0,0.87,21.71,-0.47,-0.2,3.64,0.37,2
2023-04-24,0.6,2.0,0.82,21.32,-0.13,0.17,3.54,0.73,2
2023-04-25,0.74,1.0,0.82,21.54,-0.03,0.09,3.22,0.55,2
2023-04-26,0.96,1.0,0.97,23.06,-0.31,0.01,2.01,0.55,2
2023-04-27,0.66,2.0,0.95,22.81,0.13,0.06,2.19,0.57,2
2023-04-28,1.42,1.0,0.88,21.16,0.41,0.96,4.73,0.82,2
2023-05-01,0.7,1.0,0.9,20.13,-0.23,0.51,5.05,0.94,2
2023-05-02,0.45,2.0,0.79,20.22,-0.11,0.0,4.75,0.45,2
2023-05-03,0.9,2.0,0.93,21.63,-0.02,-0.07,3.61,0.34,2
2023-05-04,0.97,2.0,1.05,22.03,0.09,-0.52,3.0,0.15,2
2023-05-05,0.57,1.0,0.9,23.16,-0.19,-0.16,2.16,0.29,2
2023-05-08,1.05,1.0,0.65,20.39,0.45,0.4,4.19,0.81,2
2023-05-09,0.5,1.0,0.59,20.3,-0.06,0.31,4.24,0.83,2
2023-05-10,0.31,2.0,0.59,20.85,-0.31,-0.12,3.37,0.22,2
2023-05-11,0.86,1.0,0.97,19.77,0.47,0.37,4.36,0.83,2
2023-05-12,0.51,2.0,0.79,19.41,0.05,0.15,4.33,0.73,2
2023-05-15,0.84,1.0,0.77,19.54,0.12,-0.02,3.61,0.38,2
2023-05-16,0.61,1.0,0.62,19.56,0.19,0.36,4.14,0.92,2
2023-05-17,0.58,0.0,0.7,19.85,-0.16,-0.11,4.16,0.51,2
2023-05-18,0.96,1.0,0.74,19.17,0.14,0.52,5.12,0.88,2
2023-05-19,1.23,0.0,0.9,19.29,0.03,0.72,6.78,0.97,2
2023-05-22,0.56,2.0,0.79,19.68,0.03,-0.15,6.09,0.26,2
2023-05-23,0.49,0.0,0.72,19.96,0.02,0.1,6.32,0.69,2
2023-05-24,0.84,1.0,0.78,21.0,-0.42,-0.53,4.58,0.11,2
2023-05-25,0.68,2.0,0.82,22.39,-0.42,0.23,3.75,0.61,2
2023-05-26,0.87,1.0,0.97,21.69,1.46,0.28,6.12,0.78,2
2023-05-30,1.64,0.0,0.85,22.19,0.12,0.79,8.75,0.99,2
2023-05-31,0.98,1.0,0.89,22.43,0.63,-0.19,8.51,0.32,2
2023-06-01,0.7,1.0,0.91,22.14,-0.34,-0.13,7.65,0.26,2
2023-06-02,1.22,1.0,0.78,20.46,0.02,0.67,8.92,0.87,2
2023-06-05,0.69,0.0,0.82,19.28,0.22,0.15,9.32,0.73,2
2023-06-06,0.67,1.0,0.87,19.42,-0.07,-0.22,9.08,0.31,2
2023-06-07,0.53,2.0,0.72,18.55,-0.13,0.16,8.81,0.73,2
2023-06-08,1.7,1.0,1.03,19.2,0.0,-0.93,6.52,0.05,2
2023-06-09,0.87,1.0,0.73,18.67,0.07,0.35,7.56,0.86,2
2023-06-12,0.84,1.0,0.86,18.88,0.29,-0.14,7.83,0.36,2
2023-06-13,1.02,1.0,0.27,20.43,0.25,0.94,9.38,0.97,2
2023-06-14,0.73,0.0,0.68,20.06,1.26,0.3,11.28,0.81,2
2023-06-15,1.08,3.0,1.01,19.74,-0.01,0.53,11.82,0.95,2
2023-06-16,1.4,0.0,0.84,20.27,-0.29,0.46,12.62,0.76,2
2023-06-20,0.9,1.0,0.82,19.62,0.46,-0.43,11.8,0.19,2
2023-06-21,0.78,0.0,0.74,19.9,-0.37,0.2,10.71,0.64,2
2023-06-22,0.92,2.0,0.84,19.26,-0.18,-0.25,9.31,0.23,2
2023-06-23,1.07,1.0,0.83,18.83,-0.29,0.64,10.2,0.98,2
2023-06-26,0.71,1.0,0.8,19.29,-0.72,-0.01,8.75,0.46,2
2023-06-27,1.24,1.0,0.89,20.35,-0.11,-0.7,7.14,0.1,2
2023-06-28,1.03,1.0,0.83,20.08,0.14,0.61,8.39,0.82,2
2023-06-29,0.79,2.0,0.96,20.02,-0.26,0.26,8.61,0.73,2
2023-06-30,0.48,0.0,0.82,19.98,-0.19,0.16,7.94,0.74,2
2023-07-03,0.58,0.0,0.63,19.46,0.57,-0.07,9.12,0.6,2
2023-07-06,0.6,0.0,0.71,20.04,-0.27,-0.09,8.33,0.46,2
2023-07-07,0.61,1.0,0.78,21.11,-0.69,0.38,7.52,0.92,2
2023-07-10,0.81,1.0,0.86,20.6,-0.09,-0.38,6.89,0.14,2
2023-07-11,0.68,0.0,0.88,21.08,-0.13,0.36,6.6,0.92,2
2023-07-12,0.75,1.0,0.83,20.9,-0.02,0.45,6.63,0.89,2
2023-07-13,0.73,1.0,0.94,19.53,0.76,0.11,7.71,0.71,2
2023-07-14,0.84,1.0,0.72,19.79,0.52,0.47,9.07,0.79,2
2023-07-17,0.87,1.0,0.85,19.65,0.09,-0.39,8.74,0.24,2
2023-07-18,0.78,1.0,0.68,19.43,0.11,0.26,9.19,0.65,2
2023-07-19,1.31,1.0,0.85,19.29,-0.04,0.54,9.63,0.73,2
2023-07-20,0.66,2.0,1.0,19.72,0.27,-0.28,9.12,0.19,2
2023-07-21,1.53,0.0,1.03,20.3,-0.47,-0.73,6.37,0.13,2
2023-07-24,0.84,1.0,0.97,19.6,0.4,-0.31,5.73,0.13,2
2023-07-25,0.57,0.0,0.77,19.83,0.13,0.03,5.51,0.59,2
2023-07-26,0.65,1.0,0.7,19.68,0.11,0.34,6.23,0.86,2
2023-07-27,0.86,2.0,0.96,18.92,-0.42,0.4,5.48,0.7,2
2023-07-28,1.73,1.0,1.16,19.9,0.81,-0.88,4.73,0.19,0
2023-07-31,0.77,2.0,0.84,18.85,0.65,0.06,6.13,0.69,2
2023-08-01,0.44,0.0,0.68,19.32,0.09,0.14,6.0,0.67,2
2023-08-02,0.52,2.0,0.7,19.68,-0.31,0.06,5.3,0.68,2
2023-08-03,1.11,1.0,0.9,22.13,-0.62,-0.19,2.82,0.26,2
2023-08-04,0.74,2.0,0.81,22.08,-0.5,0.51,2.85,0.93,2
2023-08-07,1.15,2.0,1.01,22.05,-0.02,-0.69,1.68,0.13,2
2023-08-08,0.65,1.0,0.79,20.83,0.26,0.47,2.23,0.98,2
2023-08-09,0.69,0.0,0.75,21.07,-0.46,0.41,1.11,0.85,2
2023-08-10,0.94,2.0,0.86,21.54,0.02,-0.21,-0.03,0.29,2
2023-08-11,1.27,1.0,1.06,21.06,0.38,-0.45,-0.14,0.24,2
2023-08-14,0.56,0.0,0.78,20.44,-0.48,0.07,-0.87,0.56,2
2023-08-15,0.99,1.0,0.67,20.21,-0.19,0.59,0.09,0.99,2
2023-08-16,0.75,1.0,0.74,21.37,-0.21,-0.3,-1.1,0.19,2
2023-08-17,0.87,2.0,0.79,22.08,-0.12,-0.71,-2.27,0.05,2
2023-08-18,1.04,1.0,0.82,22.72,0.21,-0.73,-3.45,0.06,2
2023-08-21,0.78,1.0,0.89,22.0,-0.56,0.41,-3.56,0.76,2
2023-08-22,0.92,1.0,0.76,21.89,0.22,0.54,-2.23,0.8,2
2023-08-23,0.65,1.0,0.79,21.81,0.5,-0.23,-2.32,0.2,2
2023-08-24,1.0,1.0,0.62,21.36,0.19,0.35,-0.73,0.88,2
2023-08-25,2.0,1.0,1.03,22.57,0.48,-1.25,-3.16,0.02,0
2023-08-28,1.1,1.0,1.15,20.87,0.18,0.49,-2.33,0.75,2
2023-08-29,0.53,0.0,0.79,20.39,0.45,0.31,-1.5,0.8,2
2023-08-30,1.39,1.0,0.67,19.4,-0.08,0.72,0.68,0.99,2
2023-08-31,0.56,2.0,0.72,19.07,-0.04,0.32,1.19,0.9,2
2023-09-01,0.45,0.0,0.72,18.73,-0.06,-0.08,1.41,0.49,2
2023-09-05,0.77,1.0,0.69,18.41,0.33,-0.07,1.18,0.34,2
2023-09-06,0.57,1.0,0.62,19.43,-0.16,0.03,1.09,0.56,2
2023-09-07,0.81,1.0,0.7,19.84,-0.1,0.01,0.21,0.39,2
2023-09-08,0.61,1.0,0.74,19.93,-0.75,0.27,-0.58,0.79,2
2023-09-11,0.54,1.0,0.67,19.18,-0.02,-0.07,-0.35,0.45,2
2023-09-12,0.65,1.0,0.28,18.82,0.42,0.44,0.66,0.86,2
2023-09-13,0.72,2.0,0.58,19.21,0.51,-0.39,0.8,0.12,2
2023-09-14,0.69,2.0,0.71,18.08,0.0,0.11,1.22,0.69,2
2023-09-15,0.75,0.0,0.77,17.26,0.21,0.35,2.01,0.88,2
2023-09-18,1.12,1.0,0.87,18.67,-0.34,-0.35,0.05,0.15,2
2023-09-19,0.47,1.0,0.72,18.95,-0.17,0.11,0.23,0.73,2
2023-09-20,0.66,1.0,0.81,19.22,-0.31,0.43,-0.08,0.86,2
2023-09-21,1.28,2.0,0.94,20.51,0.14,-1.22,-1.75,0.02,0
2023-09-22,0.7,1.0,0.9,22.46,-0.6,-0.62,-3.52,0.05,0
2023-09-25,0.71,2.0,0.84,21.98,0.32,-0.39,-3.26,0.2,2
2023-09-26,0.69,2.0,0.82,21.64,-0.26,0.46,-2.78,0.96,2
2023-09-27,0.75,1.0,0.92,22.87,-0.5,-0.14,-4.1,0.34,2
2023-09-28,0.96,1.0,1.08,22.35,0.11,0.37,-3.67,0.79,2
2023-09-29,1.2,1.0,1.01,21.52,-0.32,0.31,-2.89,0.72,2
2023-10-02,1.02,1.0,1.09,21.25,0.55,-0.22,-2.59,0.32,2
2023-10-03,0.81,2.0,1.12,21.48,-0.07,0.38,-1.81,0.75,2
2023-10-04,1.32,1.0,1.01,23.77,-0.48,-0.26,-3.51,0.23,2
2023-10-05,0.88,1.0,0.96,22.7,0.11,0.55,-2.18,0.8,2
2023-10-06,0.82,1.0,0.86,22.75,-0.01,0.27,-2.45,0.67,2
2023-10-09,1.79,1.0,0.99,21.41,-0.47,1.28,-0.54,0.94,0
2023-10-10,0.98,1.0,0.67,21.78,-0.45,0.79,-0.04,0.95,2
2023-10-11,0.76,0.0,0.71,21.11,0.0,-0.1,0.59,0.5,2
2023-10-12,0.6,2.0,0.69,20.16,0.16,0.56,1.51,0.99,2
2023-10-13,0.97,2.0,0.83,20.63,-0.07,-0.35,0.96,0.4,2
2023-10-16,1.18,0.0,0.92,22.75,0.09,-0.51,-0.41,0.14,2
2023-10-17,0.65,2.0,0.69,21.4,0.27,0.16,0.94,0.81,2
2023-10-18,0.99,0.0,0.78,21.95,-0.64,0.14,0.47,0.7,2
2023-10-19,0.94,2.0,0.96,23.44,-0.39,-0.4,-0.62,0.34,2
2023-10-20,1.14,1.0,1.2,24.79,0.1,-1.13,-2.03,0.01,0
2023-10-23,0.91,1.0,0.84,25.3,0.08,-0.62,-3.27,0.01,1
2023-10-24,1.3,1.0,0.76,24.05,-0.18,0.15,-2.62,0.66,1
2023-10-25,0.92,2.0,0.76,22.3,0.15,0.25,-1.85,0.58,1
2023-10-26,1.17,1.0,0.78,24.31,-0.4,-0.64,-4.16,0.16,1
2023-10-27,1.18,0.0,0.96,24.85,-0.25,-0.14,-5.66,0.35,1
2023-10-30,0.72,2.0,0.8,24.44,0.21,-0.28,-5.46,0.29,1
2023-10-31,0.62,0.0,0.69,23.6,0.36,0.24,-4.39,0.66,1
2023-11-01,0.71,1.0,0.68,22.46,0.01,0.42,-3.99,0.83,1
2023-11-02,0.93,1.0,0.73,20.68,0.18,0.74,-2.13,0.92,2
2023-11-03,0.52,1.0,0.54,19.54,0.66,0.23,-0.52,0.8,2
2023-11-06,0.7,1.0,0.6,18.61,0.26,0.35,0.89,0.79,2
2023-11-07,0.44,1.0,0.5,18.62,0.06,0.13,1.08,0.72,2
2023-11-08,0.71,1.0,0.58,18.44,0.2,0.14,2.05,0.8,2
2023-11-09,0.5,1.0,0.57,18.15,0.05,0.11,1.99,0.65,2
2023-11-10,0.84,1.0,0.79,19.01,0.12,-0.64,1.24,0.1,2
2023-11-13,1.19,1.0,0.64,17.96,0.27,1.03,3.57,0.99,2
2023-11-14,0.47,0.0,0.52,18.83,-0.29,0.06,3.22,0.7,2
2023-11-15,0.5,1.0,0.57,17.88,1.02,0.19,5.5,0.83,2
2023-11-16,0.56,2.0,0.63,18.09,0.23,-0.47,5.09,0.07,2
2023-11-17,0.42,0.0,0.66,17.83,0.03,0.17,5.32,0.82,2
2023-11-20,0.46,1.0,0.57,17.41,-0.1,0.06,5.22,0.53,2
2023-11-21,0.91,0.0,0.56,17.14,0.04,0.43,6.44,0.84,2
2023-11-22,0.42,0.0,0.56,17.53,-0.28,0.12,5.67,0.6,2
2023-11-24,0.69,0.0,0.75,16.65,0.37,-0.21,5.97,0.2,2
2023-11-28,0.5,1.0,0.68,16.45,-0.05,-0.14,5.65,0.31,2
2023-11-29,0.49,2.0,0.81,16.15,-0.14,0.27,5.86,0.83,2
2023-11-30,0.85,2.0,0.81,16.51,0.42,-0.26,5.72,0.16,2
2023-12-01,0.87,0.0,0.92,16.71,-0.05,0.28,5.14,0.59,2
2023-12-04,0.82,1.0,0.95,16.23,-0.16,0.44,5.42,0.9,2
2023-12-05,0.73,0.0,0.87,17.21,-0.75,0.35,4.14,0.85,2
2023-12-06,0.78,0.0,0.94,16.99,-0.3,0.21,4.36,0.73,2
2023-12-07,1.04,1.0,0.89,17.02,0.53,-0.55,3.56,0.05,2
2023-12-08,0.78,1.0,0.82,17.08,0.53,0.2,4.8,0.77,2
2023-12-11,0.75,0.0,0.8,15.94,-0.3,0.2,5.07,0.85,2
2023-12-12,0.77,1.0,0.36,16.29,-0.07,0.44,5.85,0.96,2
2023-12-13,0.89,1.0,0.42,15.38,0.89,0.64,7.98,0.98,2
2023-12-14,1.01,2.0,0.7,15.33,0.06,0.62,8.95,0.86,2
2023-12-15,1.05,2.0,0.9,15.41,0.19,-0.16,8.45,0.46,2
2023-12-18,0.52,1.0,0.77,15.49,0.19,-0.09,8.7,0.47,2
2023-12-19,0.6,1.0,0.61,15.88,0.11,0.03,9.04,0.6,2
2023-12-20,0.37,2.0,0.67,15.8,0.15,0.19,9.46,0.9,2
2023-12-21,1.4,2.0,0.98,17.0,-0.15,-1.05,7.58,0.04,2
2023-12-22,0.66,1.0,0.95,17.18,0.66,0.35,8.51,0.87,2
2023-12-26,0.63,2.0,0.69,16.62,0.23,-0.12,8.44,0.5,2
2023-12-27,0.47,1.0,0.43,17.0,0.18,0.19,8.95,0.76,2
2023-12-28,0.35,1.0,0.61,16.19,0.03,0.21,8.94,0.93,2
2023-12-29,0.38,1.0,0.54,16.35,0.1,-0.15,8.47,0.18,2
2024-01-02,0.82,0.0,0.79,16.21,-0.02,0.0,7.69,0.42,2
2024-01-03,1.21,1.0,0.93,17.59,-0.71,-0.06,5.64,0.42,2
2024-01-04,0.6,1.0,1.06,18.03,-0.54,-0.29,4.2,0.11,2
2024-01-05,0.68,2.0,0.84,17.88,-0.39,-0.41,3.33,0.02,2
2024-01-08,0.81,1.0,0.91,17.14,0.05,-0.14,3.29,0.37,2
2024-01-09,1.42,1.0,0.74,16.86,0.21,0.68,5.13,0.95,2
2024-01-10,0.92,0.0,0.93,16.55,-0.55,0.3,5.05,0.82,2
2024-01-11,0.8,1.0,0.88,16.6,0.04,0.35,5.45,0.82,2
2024-01-12,1.3,1.0,1.18,16.38,0.15,0.49,5.2,0.74,2
2024-01-16,0.57,0.0,0.87,16.54,0.18,-0.03,4.83,0.37,2
2024-01-17,0.8,0.0,1.05,17.95,-0.2,0.09,4.25,0.62,2
2024-01-18,0.87,1.0,0.93,18.7,-0.62,0.43,3.6,0.86,2
2024-01-19,0.8,2.0,1.05,17.95,0.6,0.37,4.87,0.89,2
2024-01-22,1.29,0.0,0.95,17.54,0.37,0.9,6.77,0.98,2
2024-01-23,0.63,2.0,0.84,17.19,0.3,-0.22,6.45,0.11,2
2024-01-24,0.62,1.0,0.69,16.56,0.16,0.37,6.67,0.84,2
2024-01-25,0.98,2.0,0.99,16.94,0.7,-0.56,6.79,0.12,2
2024-01-26,0.91,1.0,0.95,17.26,0.55,-0.35,6.53,0.3,2
2024-01-29,0.57,1.0,0.75,17.04,-0.2,-0.3,5.69,0.06,2
2024-01-30,0.86,1.0,0.7,17.38,0.17,0.59,6.58,0.91,2
2024-01-31,0.72,1.0,0.66,17.58,-0.16,-0.28,5.55,0.28,2
2024-02-01,1.14,1.0,0.94,18.26,-0.72,-0.4,3.55,0.18,2
2024-02-02,1.23,1.0,0.83,17.33,0.17,1.04,5.03,0.96,2
2024-02-05,1.26,0.0,0.88,17.24,-0.15,0.37,5.91,0.83,2
2024-02-06,0.76,0.0,0.69,17.57,0.0,0.2,5.57,0.77,2
2024-02-07,0.84,1.0,0.83,17.3,0.16,0.07,5.02,0.41,2
2024-02-08,0.64,0.0,0.73,16.93,0.52,0.13,6.05,0.85,2
2024-02-09,0.36,2.0,0.59,16.96,-0.07,0.0,5.85,0.56,2
2024-02-12,0.82,1.0,0.55,16.85,0.22,0.23,6.64,0.79,2
2024-02-13,0.84,1.0,0.7,18.1,0.0,-0.56,5.77,0.02,2
2024-02-14,1.04,2.0,0.93,19.5,-1.25,0.02,4.12,0.57,2
2024-02-15,0.8,1.0,0.89,18.25,0.42,0.43,4.96,0.88,2
2024-02-16,0.77,2.0,0.84,17.86,0.1,0.48,5.24,0.9,2
2024-02-20,0.9,0.0,0.96,18.61,-0.1,-0.56,3.65,0.03,2
2024-02-21,1.08,1.0,0.95,19.79,-0.24,0.19,2.4,0.48,2
2024-02-22,0.69,3.0,0.86,19.61,-0.35,0.38,2.1,0.92,2
2024-02-23,0.87,1.0,0.79,18.4,1.43,0.23,4.77,0.71,2
2024-02-26,0.74,2.0,0.86,17.71,0.31,-0.37,4.19,0.08,2
2024-02-27,0.39,1.0,0.68,17.83,0.21,-0.3,3.98,0.05,2
2024-02-28,0.48,0.0,0.73,17.57,0.22,0.18,4.12,0.9,2
2024-02-29,0.42,2.0,0.71,17.87,-0.38,-0.26,3.13,0.04,2
2024-03-01,0.85,0.0,0.76,17.21,0.63,0.27,4.08,0.78,2
2024-03-04,1.11,1.0,0.78,17.2,0.14,0.41,5.43,0.83,2
2024-03-05,0.43,1.0,0.58,17.6,0.02,-0.33,4.79,0.04,2
2024-03-06,1.21,1.0,0.91,18.46,-0.43,0.08,3.05,0.44,2
2024-03-07,0.81,1.0,1.05,18.54,0.54,-0.17,3.33,0.35,2
2024-03-08,0.93,1.0,0.8,18.67,0.56,-0.01,4.5,0.6,2
2024-03-11,1.58,1.0,1.15,19.04,0.2,-0.81,3.18,0.11,2
2024-03-12,0.49,0.0,0.36,19.37,-0.31,0.13,2.64,0.71,2
2024-03-13,1.17,1.0,0.7,18.12,1.2,0.49,5.28,0.92,2
2024-03-14,0.54,0.0,0.83,17.91,-0.14,-0.02,4.45,0.43,2
2024-03-15,0.87,1.0,0.98,18.6,0.11,-0.09,3.81,0.42,2
2024-03-18,0.62,0.0,0.9,19.31,-0.39,-0.06,2.57,0.4,2
2024-03-19,0.61,1.0,0.88,19.4,0.77,-0.4,3.31,0.14,2
2024-03-20,0.85,1.0,0.81,18.79,-0.33,0.57,3.33,0.94,2
2024-03-21,1.08,1.0,0.86,17.55,0.16,0.99,4.57,0.97,2
2024-03-22,0.56,1.0,0.9,17.39,0.56,-0.37,4.6,0.14,2
2024-03-25,0.46,1.0,0.71,17.03,-0.13,0.02,4.33,0.49,2
2024-03-26,0.59,1.0,0.65,17.22,-0.38,-0.01,3.88,0.64,2
2024-03-27,0.65,1.0,0.65,17.1,0.2,-0.4,3.46,0.2,2
2024-03-28,0.75,0.0,0.8,16.61,0.36,0.39,3.53,0.71,2
2024-04-01,0.36,0.0,0.63,16.67,-0.06,-0.11,3.08,0.22,2
2024-04-02,0.78,1.0,0.76,17.57,0.13,0.04,3.08,0.44,2
2024-04-03,0.59,1.0,0.68,18.18,-0.87,0.41,2.04,0.97,2
2024-04-04,0.86,0.0,0.77,18.06,-0.41,0.03,2.22,0.72,2
2024-04-05,2.05,1.0,0.95,19.95,0.6,-1.48,0.43,0.05,0
2024-04-08,1.17,1.0,1.07,19.23,0.19,0.06,1.47,0.6,2
2024-04-09,0.53,0.0,0.77,18.77,0.16,0.02,1.55,0.55,2
2024-04-10,0.95,2.0,1.07,18.56,0.3,0.61,1.91,0.94,2
2024-04-11,0.48,0.0,0.99,18.99,-0.98,0.02,0.58,0.51,2
2024-04-12,1.31,1.0,0.84,18.4,0.35,0.95,2.31,0.93,2
2024-04-15,0.81,1.0,0.89,20.39,-0.71,-0.14,0.53,0.31,2
2024-04-16,1.77,1.0,0.91,22.82,0.52,-1.17,-1.37,0.04,0
2024-04-17,0.58,1.0,0.9,22.01,0.02,-0.06,-1.33,0.36,2
2024-04-18,1.2,1.0,0.98,22.21,0.27,-0.53,-2.55,0.13,2
2024-04-19,0.83,2.0,0.9,21.62,0.04,-0.45,-3.22,0.14,2
2024-04-22,1.39,0.0,0.94,22.95,-0.15,-0.67,-5.2,0.16,2
2024-04-23,1.01,1.0,0.76,21.11,0.37,0.28,-4.28,0.61,2
2024-04-24,0.83,0.0,0.67,19.84,0.33,0.36,-2.54,0.91,2
2024-04-25,0.89,1.0,0.82,20.41,0.31,-0.73,-3.01,0.06,2
2024-04-26,1.69,1.0,0.86,20.37,-0.63,1.81,-1.65,0.93,0
2024-04-29,0.74,1.0,0.65,19.31,-0.28,0.06,-1.35,0.72,2
2024-04-30,0.5,0.0,0.59,19.22,0.27,0.2,-0.88,0.81,2
2024-05-01,1.26,1.0,0.73,20.05,-0.27,-1.05,-2.86,0.14,2
2024-05-02,1.25,1.0,0.86,19.43,-0.19,-0.42,-3.41,0.15,2
2024-05-03,0.95,1.0,0.74,18.72,0.39,0.6,-2.3,0.9,2
2024-05-06,0.49,0.0,0.54,17.41,0.94,0.29,-0.27,0.84,2
2024-05-07,0.49,1.0,0.46,17.4,0.15,0.44,0.63,0.91,2
2024-05-08,0.32,0.0,0.52,16.91,0.07,-0.02,0.75,0.47,2
2024-05-09,0.53,0.0,0.51,16.78,-0.42,-0.08,0.44,0.5,2
2024-05-10,0.44,2.0,0.54,16.65,0.09,0.24,0.82,0.95,2
2024-05-13,0.54,0.0,0.58,16.43,0.14,0.02,0.87,0.38,2
2024-05-14,0.36,0.0,0.49,17.4,0.29,0.0,1.08,0.54,2
2024-05-15,0.61,1.0,0.65,17.29,-0.06,0.35,1.76,0.88,2
2024-05-16,0.94,0.0,0.67,16.34,0.35,0.48,3.23,0.9,2
2024-05-17,0.45,1.0,0.66,16.25,-0.01,-0.33,2.92,0.03,2
2024-05-20,0.49,1.0,0.6,15.85,0.04,-0.04,2.76,0.6,2
2024-05-21,0.6,1.0,0.56,15.93,0.07,0.0,3.36,0.66,2
2024-05-22,0.5,1.0,0.54,15.5,-0.21,0.28,3.61,0.93,2
2024-05-23,0.61,1.0,0.7,16.4,0.03,0.08,3.47,0.7,2
2024-05-24,1.44,1.0,1.19,16.46,0.76,-0.66,2.85,0.19,2
2024-05-28,0.75,1.0,0.72,15.63,0.28,0.07,3.8,0.72,2
2024-05-29,0.58,1.0,0.79,16.56,0.2,0.23,4.03,0.84,2
2024-05-30,0.47,0.0,0.76,17.5,-0.71,-0.22,3.22,0.3,2
2024-05-31,0.88,2.0,0.89,17.77,-0.13,-0.61,1.87,0.07,2
2024-06-03,1.55,0.0,1.19,16.71,0.16,0.97,1.93,0.87,2
2024-06-04,1.23,1.0,1.08,16.89,0.51,0.3,2.36,0.7,2
2024-06-05,0.71,1.0,1.01,16.86,-0.08,0.32,2.56,0.71,2
2024-06-06,1.07,0.0,0.79,16.61,0.57,0.56,4.54,0.93,2
2024-06-07,0.36,0.0,0.79,16.43,0.15,-0.01,4.49,0.48,2
2024-06-10,0.63,1.0,0.86,15.88,-0.1,-0.19,4.2,0.2,2
2024-06-11,0.59,1.0,0.76,16.01,-0.14,0.12,4.5,0.74,2
2024-06-12,1.04,0.0,0.76,15.81,-0.13,0.69,5.32,0.99,2
2024-06-13,0.84,0.0,0.86,14.92,0.58,-0.11,6.47,0.49,2
2024-06-14,0.63,1.0,0.83,15.12,0.6,0.19,7.07,0.7,2
2024-06-17,0.53,1.0,0.78,16.05,-0.14,0.3,7.32,0.94,2
2024-06-18,1.45,0.0,0.57,16.83,1.07,0.41,9.77,0.73,2
2024-06-20,0.39,1.0,0.58,16.69,0.08,0.12,9.77,0.79,2
2024-06-21,1.13,1.0,1.01,17.25,0.14,-0.31,8.42,0.25,2
2024-06-24,0.59,1.0,0.77,16.95,-0.07,0.08,8.26,0.58,2
2024-06-25,1.01,1.0,0.95,17.24,-0.32,-0.52,6.74,0.13,2
2024-06-26,0.7,2.0,0.8,16.69,0.25,0.28,7.65,0.89,2
2024-06-27,0.43,0.0,0.82,16.49,-0.12,-0.13,7.35,0.26,2
2024-06-28,0.62,0.0,0.88,16.29,0.18,0.17,7.79,0.72,2
2024-07-01,1.4,1.0,1.03,16.24,0.0,-0.63,6.94,0.14,2
2024-07-02,0.98,1.0,0.95,16.08,0.05,0.41,7.12,0.87,2
2024-07-03,1.06,0.0,0.87,16.07,-0.22,0.69,7.97,0.98,2
2024-07-08,0.79,0.0,0.74,16.75,0.08,0.28,8.82,0.87,2
2024-07-09,0.37,1.0,0.74,17.02,0.07,0.19,9.14,0.85,2
2024-07-10,0.6,2.0,0.86,17.02,0.19,-0.07,8.81,0.38,2
2024-07-11,0.84,1.0,0.75,17.27,0.32,0.38,9.52,0.82,2
2024-07-12,2.06,1.0,1.27,17.91,0.06,-0.67,6.89,0.13,0
2024-07-15,1.16,2.0,0.92,17.27,0.0,-0.28,7.12,0.36,2
2024-07-16,1.04,1.0,0.99,18.36,0.25,-0.21,7.13,0.34,2
2024-07-17,0.79,0.0,0.94,18.35,0.16,0.25,6.74,0.61,2
2024-07-18,1.14,1.0,1.08,20.49,-1.22,-0.46,3.36,0.13,2
2024-07-19,1.32,0.0,1.23,21.26,0.46,-0.09,2.56,0.34,2
2024-07-22,1.08,0.0,1.02,21.54,-0.08,-0.37,1.39,0.14,2
2024-07-23,0.78,0.0,0.93,19.97,0.85,0.21,2.67,0.73,2
2024-07-24,0.6,2.0,0.86,20.02,-0.08,-0.31,2.21,0.13,2
2024-07-25,1.64,0.0,0.96,23.04,-0.96,-0.63,-1.39,0.19,0
2024-07-26,1.58,1.0,1.25,24.12,-0.13,-0.87,-2.82,0.23,0
2024-07-29,0.78,1.0,0.95,22.39,0.5,0.1,-1.97,0.53,2
2024-07-30,0.8,3.0,0.9,22.83,0.32,-0.31,-1.95,0.32,2
2024-07-31,1.82,0.0,1.07,23.94,0.27,-1.18,-4.06,0.11,0
2024-08-01,0.99,2.0,0.88,22.26,1.7,0.43,-0.28,0.68,0
2024-08-02,2.25,1.0,1.1,24.7,-0.04,-1.42,-3.42,0.09,0
2024-08-05,0.97,0.0,1.0,27.69,-0.75,0.13,-5.42,0.45,0
2024-08-06,1.95,1.0,0.97,35.07,-2.48,0.36,-7.85,0.72,0
2024-08-07,1.19,1.0,0.71,29.21,0.01,-0.5,-7.34,0.38,0
2024-08-08,1.37,1.0,0.78,28.97,0.66,-1.82,-8.18,0.06,0
2024-08-09,1.11,1.0,0.59,26.9,0.52,0.77,-5.29,0.92,1
2024-08-12,0.57,1.0,0.56,24.94,-0.17,0.42,-4.85,0.77,1
2024-08-13,0.52,0.0,0.59,24.92,0.06,-0.07,-4.71,0.47,1
2024-08-14,0.67,1.0,0.44,23.26,0.4,0.74,-2.26,0.98,1
2024-08-15,0.61,0.0,0.56,21.19,0.05,0.46,-2.1,0.83,2
2024-08-16,0.59,1.0,0.43,20.28,0.44,0.31,-0.06,0.86,2
2024-08-19,0.44,1.0,0.41,19.94,-0.14,0.25,0.12,0.78,2
2024-08-20,0.76,0.0,0.44,19.93,-0.03,0.95,1.25,0.95,2
2024-08-21,0.42,2.0,0.5,21.11,-0.07,0.05,1.07,0.49,2
2024-08-22,0.5,1.0,0.58,21.22,0.02,0.2,1.41,0.68,2
2024-08-23,1.17,1.0,0.73,22.88,0.2,-0.83,-0.24,0.13,2
2024-08-26,0.75,1.0,0.69,21.13,0.36,0.09,0.62,0.61,2
2024-08-27,0.71,1.0,0.58,21.57,-0.05,-0.22,-0.49,0.21,2
2024-08-28,0.62,1.0,0.52,20.91,-0.11,0.15,-0.1,0.81,2
2024-08-29,0.94,1.0,0.66,22.56,-0.05,-0.27,-1.33,0.33,2
2024-08-30,0.88,1.0,0.78,20.58,0.23,-0.61,-1.12,0.28,2
2024-09-03,0.64,0.0,0.67,19.28,0.3,0.44,-0.21,0.86,2
2024-09-04,1.35,1.0,0.78,23.6,-0.28,-0.92,-3.01,0.19,0
2024-09-05,0.66,1.0,0.73,24.21,-0.34,-0.28,-3.43,0.37,1
2024-09-06,0.74,1.0,0.74,23.56,-0.12,0.01,-3.14,0.45,1
2024-09-09,1.31,1.0,0.9,25.65,-0.12,-0.75,-5.78,0.03,1
2024-09-10,0.55,1.0,0.75,23.92,0.44,0.36,-4.33,0.86,1
2024-09-11,0.68,2.0,0.82,23.62,0.14,0.5,-3.43,0.9,1
2024-09-12,1.81,1.0,1.0,22.16,0.13,1.97,-1.29,0.93,0
2024-09-13,0.69,1.0,0.84,21.73,0.04,0.4,-0.31,0.79,2
2024-09-16,0.43,1.0,0.58,21.3,-0.02,0.07,0.25,0.65,2
2024-09-17,0.4,0.0,0.34,22.51,-0.19,0.22,-0.09,0.78,2
2024-09-18,0.69,1.0,0.64,22.69,0.91,-0.16,1.37,0.41,2
2024-09-19,0.86,2.0,0.85,22.62,0.11,-0.37,1.23,0.22,2
2024-09-20,0.6,1.0,0.7,21.11,1.04,-0.27,3.5,0.38,2
2024-09-23,0.55,2.0,0.71,20.35,-0.05,0.09,3.35,0.66,2
2024-09-24,0.27,0.0,0.59,19.54,0.17,-0.02,3.73,0.5,2
2024-09-25,0.67,2.0,0.65,19.25,0.16,0.37,4.32,0.86,2
2024-09-26,0.36,0.0,0.61,19.09,-0.1,0.18,4.68,0.75,2
2024-09-27,0.88,1.0,0.75,19.25,0.7,0.17,5.29,0.49,2
2024-09-30,0.56,1.0,0.69,20.05,0.08,-0.32,4.52,0.16,2
2024-10-01,0.62,1.0,0.77,20.2,-0.07,0.33,4.7,0.84,2
2024-10-02,1.24,1.0,1.04,21.67,0.01,0.11,3.29,0.38,2
2024-10-03,0.69,1.0,0.77,21.36,-0.12,0.16,3.56,0.8,2
2024-10-04,0.65,0.0,0.83,22.47,-0.35,0.09,3.33,0.49,2
2024-10-07,0.65,0.0,0.87,21.65,0.65,0.53,4.41,0.9,2
2024-10-08,0.67,1.0,0.74,24.34,-0.24,-0.47,3.2,0.27,2
2024-10-09,0.73,2.0,0.66,23.62,0.26,0.39,4.54,0.85,2
2024-10-10,0.68,0.0,0.68,23.45,-0.02,0.27,5.17,0.81,2
2024-10-11,0.58,1.0,0.71,23.61,-0.21,0.06,4.95,0.59,2
2024-10-14,0.52,1.0,0.65,23.3,-0.24,-0.06,4.84,0.61,2
2024-10-15,0.46,0.0,0.58,23.31,0.38,0.04,5.66,0.57,2
2024-10-16,1.2,1.0,0.87,24.53,0.06,-0.48,3.97,0.17,2
2024-10-17,0.51,1.0,0.7,23.64,0.08,0.11,3.77,0.74,2
2024-10-18,0.67,0.0,0.83,22.82,0.72,-0.25,3.83,0.17,2
2024-10-21,0.3,0.0,0.61,21.76,0.22,0.04,4.1,0.62,2
2024-10-22,0.64,1.0,0.72,21.96,-0.21,0.36,4.06,0.87,2
2024-10-23,0.73,1.0,0.71,22.02,-0.39,0.15,3.82,0.64,2
2024-10-24,1.21,1.0,0.94,22.92,-0.27,-0.12,2.31,0.47,2
2024-10-25,0.47,1.0,0.75,22.47,0.35,0.31,2.93,0.95,2
2024-10-28,0.78,1.0,0.89,23.24,0.27,-0.55,3.15,0.07,2
2024-10-29,0.44,1.0,0.66,22.92,0.47,-0.27,3.18,0.1,2
2024-10-30,1.05,1.0,0.76,22.44,0.04,0.69,4.35,0.97,2
2024-10-31,0.73,1.0,0.79,23.15,-0.29,-0.6,2.99,0.12,2
2024-11-01,1.15,0.0,0.97,24.91,-0.42,-0.3,0.69,0.13,2
2024-11-04,0.71,1.0,0.91,23.72,0.04,-0.16,1.28,0.52,2
2024-11-05,0.66,0.0,0.71,23.86,-0.17,-0.15,0.87,0.42,2
2024-11-06,0.75,2.0,0.69,22.51,0.15,0.41,2.21,0.97,2
2024-11-07,0.92,1.0,0.81,18.86,0.96,0.46,4.71,0.85,2
2024-11-08,0.75,0.0,0.63,18.35,0.35,0.4,6.31,0.94,2
2024-11-11,0.31,2.0,0.6,17.88,-0.15,0.1,6.09,0.68,2
2024-11-12,0.59,1.0,0.68,18.37,0.15,0.09,5.79,0.58,2
2024-11-13,0.61,1.0,0.75,18.12,0.01,0.06,5.54,0.7,2
2024-11-14,0.67,1.0,0.83,17.51,-0.11,0.08,5.22,0.56,2
2024-11-15,0.72,1.0,0.87,17.71,-0.12,-0.58,3.88,0.0,2
2024-11-18,1.2,0.0,0.94,19.84,-0.63,-0.25,1.42,0.25,2
2024-11-19,0.69,1.0,0.7,19.77,0.19,-0.01,1.9,0.6,2
2024-11-20,0.89,1.0,0.64,19.99,-0.35,0.6,2.45,0.98,2
2024-11-21,0.96,1.0,0.86,20.92,-0.11,0.77,2.17,0.95,2
2024-11-22,1.21,0.0,0.97,20.21,0.32,0.42,2.23,0.76,2
2024-11-25,0.48,0.0,0.83,18.57,-0.07,0.24,2.3,0.83,2
2024-11-26,0.94,1.0,0.81,17.59,0.5,-0.06,2.37,0.38,2
2024-11-27,0.38,0.0,0.69,16.8,0.13,0.2,2.74,0.8,2
2024-11-29,0.83,1.0,0.73,16.68,-0.2,0.15,1.65,0.51,2
2024-12-03,0.74,2.0,0.67,16.12,0.16,0.24,3.51,0.89,2
2024-12-04,0.57,1.0,0.63,15.76,-0.24,0.44,3.76,0.99,2
2024-12-05,0.52,0.0,0.6,15.68,0.35,0.23,4.65,0.81,2
2024-12-06,0.38,2.0,0.62,15.71,0.05,-0.26,4.21,0.05,2
2024-12-09,0.62,2.0,0.66,15.16,0.12,0.12,4.99,0.86,2
2024-12-10,0.72,1.0,0.74,16.54,-0.09,-0.22,4.02,0.17,2
2024-12-11,0.86,0.0,0.85,16.54,0.21,-0.29,3.68,0.29,2
2024-12-12,0.85,1.0,0.71,15.88,0.56,0.16,5.21,0.79,2
2024-12-13,0.44,2.0,0.73,16.37,-0.25,-0.35,4.29,0.02,2
2024-12-16,0.82,1.0,0.88,16.61,0.62,0.0,4.87,0.43,2
2024-12-17,0.88,1.0,0.36,18.44,0.45,0.31,6.3,0.81,2
2024-12-18,0.48,0.0,0.63,19.44,0.78,-0.02,7.04,0.38,2
2024-12-19,3.59,1.0,0.95,27.63,-0.06,-2.53,2.7,0.12,0
2024-12-20,1.05,2.0,1.01,26.32,0.73,-0.78,2.2,0.01,0
2024-12-23,1.97,1.0,1.26,21.5,-0.44,-0.07,3.11,0.62,0
2024-12-24,0.85,1.0,0.89,19.06,0.15,0.51,3.87,0.9,2
2024-12-27,0.58,2.0,0.67,17.52,-0.24,0.0,4.79,0.62,2
2024-12-30,1.06,0.0,1.06,18.53,-0.44,0.47,3.32,0.62,2
2024-12-31,0.9,1.0,0.87,19.79,-0.89,-0.09,1.6,0.43,2
2025-01-02,0.85,1.0,0.94,19.91,0.19,-0.37,0.78,0.18,2
2025-01-03,1.28,1.0,1.26,20.52,0.31,-0.07,0.48,0.45,2
2025-01-06,0.81,1.0,0.87,19.12,0.29,0.37,1.84,0.77,2
2025-01-07,0.68,1.0,0.91,19.0,0.66,-0.08,3.13,0.54,2
2025-01-08,1.42,1.0,1.2,20.73,0.03,-0.59,1.12,0.21,2
2025-01-10,0.7,2.0,1.03,20.71,-0.09,0.13,0.85,0.7,2
2025-01-13,0.89,0.0,1.21,21.75,-0.44,-0.03,-0.88,0.45,2
2025-01-14,0.75,1.0,0.99,21.81,-0.68,0.74,-1.13,0.98,2
2025-01-15,0.97,2.0,1.0,21.47,0.27,0.16,-1.15,0.57,2
2025-01-16,0.72,1.0,0.79,19.28,0.75,0.12,0.65,0.71,2
2025-01-17,0.82,1.0,0.83,19.59,0.32,-0.85,-0.34,0.01,2
2025-01-21,0.51,0.0,0.72,18.96,1.21,-0.02,1.4,0.54,2
2025-01-22,0.67,1.0,0.65,18.65,0.33,0.42,2.02,0.89,2
2025-01-23,0.5,0.0,0.59,18.69,0.41,-0.15,3.08,0.42,2
2025-01-24,0.48,1.0,0.59,18.37,-0.24,0.4,3.2,0.86,2
2025-01-27,0.63,1.0,0.65,18.22,0.05,-0.29,2.53,0.24,2
2025-01-28,0.87,0.0,1.01,21.62,-2.11,0.29,-0.32,0.65,0
2025-01-29,1.14,1.0,0.82,20.31,0.0,0.49,0.92,0.88,2
2025-01-30,0.58,1.0,0.88,20.6,0.07,0.02,0.56,0.56,2
2025-01-31,0.81,1.0,0.84,19.81,0.36,0.26,1.13,0.65,2
2025-02-03,1.08,2.0,0.87,20.13,0.35,-0.96,0.73,0.09,2
2025-02-04,1.01,1.0,0.91,21.27,-0.88,0.25,-0.03,0.77,2
2025-02-05,0.7,0.0,0.54,20.03,-0.01,0.02,0.79,0.73,2
2025-02-06,0.69,1.0,0.57,19.17,-0.16,0.66,1.49,0.99,2
2025-02-07,0.41,0.0,0.56,18.59,-0.02,0.11,1.56,0.62,2
2025-02-10,1.03,2.0,0.78,19.19,0.17,-0.5,0.39,0.08,2
2025-02-11,0.38,0.0,0.42,18.85,0.44,-0.08,1.43,0.56,2
2025-02-12,0.42,0.0,0.5,18.77,-0.3,-0.04,1.19,0.54,2
2025-02-13,0.76,1.0,0.62,18.7,-0.61,0.45,1.23,0.94,2
2025-02-14,0.73,1.0,0.67,18.41,0.13,0.48,2.38,0.86,2
2025-02-18,0.35,1.0,0.54,18.08,0.06,0.31,2.9,0.93,2
2025-02-19,0.44,0.0,0.57,19.22,0.12,0.22,2.79,0.74,2
2025-02-20,0.48,1.0,0.56,19.0,-0.05,0.04,2.75,0.54,2
2025-02-21,0.76,0.0,0.71,18.9,-0.02,0.21,2.25,0.62,2
2025-02-24,1.45,1.0,0.91,20.96,0.18,-0.95,0.17,0.04,2
2025-02-25,1.06,0.0,0.89,21.42,0.18,-0.61,-0.97,0.09,2
2025-02-26,1.08,0.0,1.07,21.98,-0.13,0.18,-2.13,0.49,2
2025-02-27,0.91,2.0,0.91,21.95,0.13,-0.21,-1.96,0.43,2
2025-02-28,2.11,1.0,1.3,24.12,0.34,-1.79,-4.66,0.05,0
2025-03-03,1.21,1.0,1.18,22.65,-0.07,1.09,-3.27,0.91,0
2025-03-04,1.99,1.0,1.2,24.98,0.39,-1.31,-4.99,0.23,0
2025-03-05,1.55,1.0,1.16,25.21,-0.38,0.7,-4.96,0.62,0
2025-03-06,1.17,1.0,1.09,24.27,-0.14,0.67,-4.33,0.75,0
2025-03-07,1.16,1.0,1.09,26.24,-0.65,-0.62,-6.44,0.24,0
2025-03-10,1.16,1.0,1.21,25.56,-0.2,0.8,-5.94,0.85,0
2025-03-11,1.39,1.0,1.08,28.87,-0.72,-0.57,-9.27,0.31,0
2025-03-12,1.02,1.0,1.18,28.68,-0.09,0.08,-9.18,0.49,0
2025-03-13,0.79,2.0,0.95,26.82,0.54,-0.25,-8.33,0.46,1
2025-03-14,0.86,2.0,0.98,27.59,0.0,-0.2,-9.34,0.37,1
2025-03-17,0.66,2.0,0.76,25.79,0.31,0.32,-7.54,0.74,1
2025-03-18,0.69,2.0,0.35,25.05,0.09,0.27,-6.68,0.57,1
2025-03-19,0.62,0.0,0.51,25.85,0.17,0.04,-7.01,0.4,1
2025-03-20,0.91,2.0,0.62,23.62,0.14,0.39,-5.66,0.6,1
2025-03-21,0.72,0.0,0.66,23.33,-0.38,-0.11,-5.8,0.43,1
2025-03-24,0.76,1.0,0.63,22.93,-0.52,0.86,-5.43,0.95,1
2025-03-25,0.38,1.0,0.45,21.26,0.63,0.17,-3.34,0.78,1
2025-03-26,0.31,1.0,0.45,20.59,0.07,0.3,-2.63,0.95,1
2025-03-27,0.94,1.0,0.65,22.05,-0.14,-0.52,-4.43,0.16,1
2025-03-28,0.56,1.0,0.71,22.41,-0.18,-0.36,-4.87,0.25,1
2025-03-31,1.17,1.0,0.73,25.07,-0.2,-0.87,-7.6,0.0,1
2025-04-01,1.11,1.0,0.82,25.35,-0.53,1.0,-7.38,0.87,1
2025-04-02,0.82,1.0,0.88,24.8,-0.09,0.71,-6.33,0.91,1
2025-04-03,1.44,1.0,0.91,23.65,-0.61,1.4,-4.54,0.95,0
2025-04-04,0.84,2.0,0.81,30.55,-2.1,-0.9,-10.38,0.07,0
2025-04-07,1.55,1.0,1.04,37.67,-1.04,-1.71,-15.71,0.1,0
2025-04-08,3.01,0.0,1.03,38.67,-1.06,1.19,-14.55,0.6,0
2025-04-09,2.21,1.0,1.02,39.59,0.74,-3.2,-16.39,0.19,0
2025-04-10,3.3,1.0,0.9,34.8,-0.04,5.76,-6.27,0.93,0
2025-04-11,1.25,2.0,1.0,43.29,-0.59,0.66,-9.43,0.67,0
2025-04-14,0.75,1.0,0.75,39.98,-0.17,1.28,-7.9,0.9,1
2025-04-15,0.65,2.0,0.76,34.32,0.53,-0.32,-7.09,0.36,1
2025-04-16,0.33,1.0,0.63,32.71,0.08,-0.19,-6.67,0.29,1
2025-04-17,0.81,2.0,0.7,35.36,-0.49,-0.3,-9.03,0.52,1
2025-04-21,0.35,0.0,0.66,32.84,0.08,0.19,-8.77,0.64,1
2025-04-22,0.62,1.0,0.53,36.86,-0.4,0.21,-11.07,0.44,1
2025-04-23,0.55,3.0,0.65,34.0,0.33,0.2,-8.46,0.63,1
2025-04-24,0.59,2.0,0.69,31.83,0.8,-0.66,-5.96,0.16,1
2025-04-25,0.77,1.0,0.58,29.98,0.1,0.91,-2.89,0.89,1
2025-04-28,0.44,1.0,0.62,28.36,-0.07,0.8,-1.64,0.97,1
2025-04-29,0.5,1.0,0.57,28.55,-0.01,0.36,-1.76,0.63,1
2025-04-30,0.41,1.0,0.51,27.59,-0.08,0.34,-0.77,0.79,1
2025-05-01,1.0,0.0,0.66,27.85,-0.48,1.82,0.19,0.96,1
2025-05-02,0.53,2.0,0.56,27.68,0.29,-0.88,0.62,0.13,1
2025-05-05,0.38,1.0,0.5,25.77,0.42,0.13,2.92,0.72,1
2025-05-06,0.31,1.0,0.42,26.54,-0.29,-0.26,2.25,0.25,1
2025-05-07,0.44,2.0,0.57,27.33,-0.37,-0.11,1.61,0.48,1
2025-05-08,0.59,3.0,0.68,26.51,0.04,0.59,2.3,0.8,1
2025-05-09,0.57,1.0,0.66,25.92,0.29,-0.24,3.27,0.46,1
2025-05-12,0.36,1.0,0.56,25.51,0.13,-0.02,3.31,0.33,1
2025-05-13,0.51,2.0,0.61,22.28,1.32,0.51,7.51,0.82,2
2025-05-14,0.61,0.0,0.57,22.29,0.11,0.07,9.14,0.76,2
2025-05-15,0.24,0.0,0.61,22.67,0.09,0.25,9.8,0.9,2
2025-05-16,0.48,2.0,0.59,21.88,-0.17,0.16,9.73,0.58,2
2025-05-19,0.34,1.0,0.48,21.2,0.1,0.31,10.08,0.91,2
2025-05-20,0.62,2.0,0.55,21.97,-0.53,0.27,9.88,0.83,2
2025-05-21,0.32,2.0,0.54,22.09,-0.14,0.0,9.28,0.58,2
2025-05-22,0.91,2.0,0.82,24.21,-0.23,-0.94,7.62,0.09,2
2025-05-23,0.42,0.0,0.65,23.62,0.1,-0.28,7.75,0.3,2
2025-05-27,0.5,1.0,0.65,25.32,-0.64,-0.09,6.4,0.49,2
2025-05-28,0.57,1.0,0.5,22.32,0.6,0.37,8.67,0.94,2
2025-05-29,0.45,1.0,0.54,22.75,0.06,-0.36,8.22,0.22,2
2025-05-30,0.75,1.0,0.73,21.95,0.58,-0.29,8.04,0.21,2
2025-06-02,0.71,1.0,0.78,20.9,0.0,0.4,7.79,0.83,2
2025-06-03,0.65,1.0,0.55,19.55,-0.17,0.67,8.58,1.0,2
2025-06-04,0.5,0.0,0.56,18.79,-0.03,0.1,9.0,0.68,2
2025-06-05,0.33,1.0,0.56,18.96,0.09,0.05,9.21,0.73,2
2025-06-06,0.91,2.0,0.88,21.68,0.11,-0.75,8.19,0.19,2
2025-06-09,0.34,0.0,0.62,19.81,0.45,-0.02,9.14,0.49,2
2025-06-10,0.3,0.0,0.51,20.18,0.0,-0.16,8.98,0.38,2
2025-06-11,0.55,2.0,0.63,19.83,0.07,0.25,9.45,0.78,2
2025-06-12,0.62,1.0,0.84,20.38,0.18,-0.23,8.95,0.37,2
2025-06-13,0.37,2.0,0.61,20.67,-0.14,0.05,8.87,0.7,2
2025-06-16,0.59,1.0,0.78,22.44,-0.58,-0.15,7.37,0.3,2
2025-06-17,0.49,0.0,0.38,21.09,0.78,0.03,9.62,0.75,2
2025-06-18,0.53,1.0,0.65,23.34,-0.25,-0.4,8.18,0.2,2
2025-06-20,0.51,1.0,0.71,22.14,0.09,-0.19,7.75,0.36,2
2025-06-23,0.89,1.0,0.92,22.24,0.27,-0.13,6.33,0.27,2
2025-06-24,0.85,1.0,0.9,21.16,0.02,0.53,7.37,0.95,2
2025-06-25,0.44,0.0,0.54,19.46,0.5,0.19,8.67,0.77,2
2025-06-26,0.38,1.0,0.65,19.0,0.22,0.01,8.57,0.5,2
2025-06-27,0.53,1.0,0.62,18.99,0.21,0.24,9.07,0.81,2
2025-06-30,0.56,1.0,0.79,18.9,0.14,0.02,9.1,0.63,2
2025-07-01,0.39,1.0,0.71,19.57,0.34,0.1,9.3,0.54,2
2025-07-02,0.66,1.0,0.88,19.88,-0.16,-0.16,7.94,0.33,2
2025-07-03,0.55,1.0,0.59,19.75,-0.06,0.16,8.25,0.89,2
2025-07-08,0.54,1.0,0.86,20.68,-0.32,-0.13,6.98,0.4,2
2025-07-09,0.33,1.0,0.75,19.53,0.21,0.02,7.18,0.51,2
2025-07-10,0.55,1.0,0.8,18.72,0.21,0.22,7.55,0.73,2
2025-07-11,0.54,0.0,0.71,18.78,0.04,0.05,6.94,0.54,2
2025-07-14,0.46,1.0,0.73,19.05,-0.26,-0.12,6.31,0.49,2
2025-07-15,0.67,1.0,0.65,19.79,0.0,0.19,6.38,0.82,2
2025-07-16,0.61,1.0,0.89,19.73,0.52,-0.5,6.04,0.03,2
2025-07-17,0.81,0.0,1.0,19.54,0.15,0.33,5.95,0.9,2
2025-07-18,0.66,1.0,0.66,18.66,0.08,0.22,6.5,0.88,2
2025-07-21,0.44,0.0,0.73,18.61,0.14,0.04,6.05,0.38,2
2025-07-22,0.54,0.0,0.63,18.71,0.1,-0.13,6.3,0.56,2
2025-07-23,0.79,0.0,0.87,18.95,-0.01,-0.04,5.29,0.38,2
2025-07-24,0.86,1.0,0.86,17.91,0.21,0.69,5.91,0.98,2
2025-07-25,0.42,1.0,0.72,17.72,-0.09,0.09,5.57,0.74,2
2025-07-28,0.5,1.0,0.62,17.17,-0.11,0.06,5.53,0.71,2
2025-07-29,0.32,1.0,0.63,17.27,0.13,0.07,5.61,0.68,2
2025-07-30,0.82,1.0,0.86,18.21,0.34,-0.23,5.22,0.15,2
2025-07-31,1.19,4.0,0.91,17.29,0.11,0.71,5.98,0.94,2
2025-08-01,1.59,1.0,1.31,19.24,0.28,-0.79,4.27,0.05,2
2025-08-04,1.04,0.0,1.2,21.58,-0.81,-0.16,2.15,0.34,2
2025-08-05,0.81,1.0,0.68,19.25,0.65,0.41,4.0,0.98,2
2025-08-06,0.88,1.0,0.99,19.81,0.04,-0.32,2.95,0.11,2
2025-08-07,0.92,1.0,0.82,18.74,0.08,0.45,3.93,0.87,2
2025-08-08,1.05,1.0,1.03,18.82,0.6,0.14,4.26,0.59,2
2025-08-11,0.72,2.0,0.69,17.32,0.04,0.4,5.11,1.0,2
2025-08-12,0.67,2.0,0.65,18.17,-0.15,-0.37,4.29,0.19,2
2025-08-13,1.03,1.0,0.67,16.84,0.33,0.52,5.42,0.95,2
2025-08-14,0.57,1.0,0.72,16.73,0.35,-0.06,5.19,0.25,2
2025-08-15,0.53,1.0,0.74,17.08,-0.24,-0.2,4.69,0.18,2
2025-08-18,0.57,0.0,0.73,17.5,0.13,-0.03,4.22,0.42,2
2025-08-19,0.35,0.0,0.62,17.75,-0.13,0.12,3.99,0.75,2
2025-08-20,1.16,1.0,0.93,19.38,-0.12,-0.4,2.36,0.13,2
2025-08-21,1.31,0.0,1.12,20.0,-0.15,0.4,1.54,0.71,2
2025-08-22,0.74,1.0,0.97,20.56,-0.18,-0.07,0.99,0.45,2
2025-08-25,1.44,0.0,0.92,18.07,0.14,0.17,2.43,0.84,2
2025-08-26,0.54,1.0,0.64,18.42,-0.25,-0.17,1.99,0.39,2
2025-08-27,0.59,1.0,0.68,18.2,-0.13,0.34,2.28,0.99,2
2025-08-28,0.55,2.0,0.63,18.73,-0.22,0.12,2.13,0.75,2
2025-08-29,0.75,1.0,0.76,17.63,0.08,0.26,2.61,0.81,2
2025-09-02,0.87,0.0,0.85,19.12,-0.35,-0.08,1.17,0.24,2
2025-09-03,1.09,1.0,0.96,20.41,-1.13,0.76,0.43,0.94,2
2025-09-04,0.65,1.0,0.93,19.69,0.22,0.16,0.87,0.66,2
2025-09-05,0.91,1.0,0.77,18.74,0.08,0.65,1.78,0.98,2
2025-09-08,1.25,1.0,1.17,18.44,0.57,0.07,1.59,0.43,2
2025-09-09,0.4,1.0,0.76,18.35,0.34,-0.1,2.04,0.36,2
2025-09-10,0.51,1.0,0.7,18.22,0.1,0.26,2.25,0.93,2
2025-09-11,0.69,1.0,0.81,18.62,0.39,-0.17,2.13,0.4,2
2025-09-12,0.45,1.0,0.66,18.23,0.34,0.04,2.62,0.7,2
2025-09-15,0.52,0.0,0.63,18.17,0.11,0.09,2.95,0.69,2
2025-09-16,0.48,2.0,0.28,19.13,0.22,0.13,3.59,0.8,2
2025-09-17,0.34,1.0,0.48,19.58,1.02,-0.01,4.54,0.35,2
2025-09-18,1.08,1.0,0.92,19.02,-0.05,0.26,4.29,0.86,2
2025-09-19,0.75,0.0,0.75,18.86,0.6,-0.21,4.94,0.43,2
2025-09-22,0.62,3.0,0.71,18.74,0.26,0.32,5.55,0.9,2
2025-09-23,0.74,0.0,0.68,19.44,-0.19,0.19,5.88,0.81,2
2025-09-24,0.8,1.0,0.92,20.14,0.05,-0.23,5.06,0.25,2
2025-09-25,0.95,1.0,0.91,19.93,0.17,-0.03,4.54,0.45,2
2025-09-26,0.96,0.0,1.24,20.52,-0.61,0.13,3.86,0.74,2
2025-09-29,0.78,1.0,0.99,19.33,0.1,0.42,4.22,0.99,2
2025-09-30,0.68,2.0,0.82,19.88,0.37,-0.17,4.45,0.25,2
2025-10-01,0.67,1.0,0.92,19.99,-0.03,0.22,4.43,0.71,2
2025-10-02,1.11,1.0,0.76,19.88,-0.34,0.32,4.87,0.87,2
2025-10-03,0.61,0.0,0.83,20.01,0.59,0.18,5.24,0.72,2
2025-10-06,0.88,1.0,0.93,20.08,0.05,-0.34,4.5,0.24,2
2025-10-07,0.51,1.0,0.66,20.4,0.83,-0.02,5.17,0.47,2
2025-10-08,1.0,1.0,1.01,20.82,0.22,-0.16,4.53,0.26,2
2025-10-09,0.96,1.0,0.71,20.01,0.08,0.39,5.54,0.96,2
2025-10-10,0.61,2.0,0.93,20.04,-0.01,0.17,5.17,0.71,2
2025-10-13,3.57,1.0,1.71,25.2,0.1,-1.59,1.51,0.06,0
2025-10-14,0.73,1.0,0.96,22.8,1.17,0.2,3.39,0.79,0
2025-10-15,1.54,1.0,1.09,24.28,-0.81,-0.12,2.45,0.59,0
2025-10-16,1.28,1.0,1.11,24.42,0.77,0.0,3.2,0.61,0
2025-10-17,1.49,1.0,1.37,28.32,0.29,-0.67,2.27,0.21,0
2025-10-20,1.04,1.0,1.01,24.96,-0.05,0.56,3.21,0.89,2
2025-10-21,0.63,0.0,0.52,22.64,0.28,0.11,4.34,0.84,2
2025-10-22,0.38,2.0,0.63,22.59,-0.04,-0.11,3.91,0.29,2
2025-10-23,1.3,1.0,1.03,23.29,0.06,0.08,2.99,0.51,2
2025-10-24,0.76,1.0,0.64,21.73,-0.1,0.36,3.77,0.93,2
2025-10-27,0.37,1.0,0.52,20.61,0.52,-0.04,4.64,0.55,2
2025-10-28,0.49,1.0,0.39,20.59,0.82,0.33,6.42,0.96,2
2025-10-29,0.59,1.0,0.52,21.31,0.2,0.2,6.98,0.67,2
2025-10-30,0.87,1.0,0.76,21.77,0.29,-0.03,7.07,0.55,2
2025-10-31,0.87,1.0,0.82,21.67,-0.28,-0.1,5.88,0.44,2
2025-11-03,0.81,2.0,0.81,21.98,0.53,-0.25,5.6,0.31,2
2025-11-04,0.66,0.0,0.58,21.74,0.65,0.09,5.94,0.45,2
2025-11-05,0.92,1.0,0.76,23.55,-1.02,-0.58,3.46,0.06,2
2025-11-06,1.0,1.0,0.58,22.66,-0.06,-0.06,3.85,0.56,2
2025-11-07,1.22,2.0,0.96,24.64,-0.08,-0.37,1.99,0.19,2
2025-11-10,1.21,1.0,0.96,24.6,-0.44,1.04,1.49,0.98,2
2025-11-11,0.73,2.0,0.67,22.63,0.81,0.51,3.53,0.92,2
2025-11-12,0.5,2.0,0.61,22.68,-0.3,0.35,3.11,0.91,2
2025-11-13,0.69,1.0,0.77,23.07,0.24,0.18,2.8,0.54,2
2025-11-14,1.19,1.0,1.1,25.9,-0.4,-0.24,0.66,0.31,0
2025-11-17,1.53,1.0,1.03,26.1,-1.0,0.16,0.45,0.76,0
2025-11-18,1.17,1.0,1.06,28.17,-0.3,-0.37,-0.51,0.36,0
2025-11-19,0.99,0.0,1.19,30.49,-0.44,-0.25,-2.02,0.41,0
2025-11-20,1.04,0.0,1.08,29.35,0.1,0.01,-1.44,0.45,0
2025-11-21,2.66,1.0,1.29,32.65,1.05,-2.32,-3.93,0.04,0
2025-11-24,1.33,2.0,0.98,28.98,0.18,0.29,-3.11,0.59,0
2025-11-25,0.94,0.0,0.6,25.57,0.39,0.61,-0.59,0.93,1
2025-11-26,1.03,1.0,0.74,23.69,-0.2,0.81,-0.17,0.89,1
2025-11-28,0.46,0.0,0.55,22.26,0.28,0.13,0.7,0.74,2
2025-12-02,0.58,1.0,0.56,22.07,-0.46,0.06,0.87,0.63,2
2025-12-03,0.52,1.0,0.67,21.27,0.21,0.15,1.65,0.71,2
2025-12-04,0.53,1.0,0.51,20.64,-0.21,0.3,1.82,0.86,2
2025-12-05,0.48,0.0,0.59,20.19,0.13,0.16,1.68,0.64,2
2025-12-08,0.47,0.0,0.55,19.61,0.1,-0.04,2.01,0.38,2
2025-12-09,0.66,1.0,0.52,20.75,0.13,-0.02,1.64,0.33,2
2025-12-10,0.4,1.0,0.43,20.76,-0.09,0.03,1.65,0.7,2
2025-12-11,0.79,1.0,0.69,19.66,-0.09,0.41,1.99,0.76,2
2025-12-12,0.84,1.0,0.69,18.61,-0.34,0.65,1.75,0.99,2
2025-12-15,1.17,2.0,0.89,20.63,-0.43,-0.28,-0.39,0.2,2
2025-12-16,0.86,0.0,0.34,20.71,0.44,-0.25,-0.87,0.17,2
2025-12-17,0.63,0.0,0.66,20.21,0.31,0.25,0.1,0.64,2
2025-12-18,1.3,1.0,0.78,21.75,0.18,-0.51,-1.29,0.19,2
2025-12-19,0.58,2.0,0.82,20.73,0.65,-0.33,-0.42,0.19,2
2025-12-22,0.55,0.0,0.56,18.52,0.34,0.21,1.05,0.92,2
2025-12-23,0.37,0.0,0.48,17.85,0.45,-0.01,1.5,0.43,2
2025-12-24,0.45,1.0,0.42,17.47,-0.13,0.32,1.83,0.94,2
2025-12-29,0.25,0.0,0.36,17.38,0.09,-0.04,1.9,0.34,2
2025-12-30,0.44,1.0,0.59,18.39,-0.42,0.06,1.31,0.52,2
2025-12-31,0.33,0.0,0.49,18.96,-0.12,-0.14,1.03,0.15,2
2026-01-02,0.68,1.0,0.57,19.57,-0.02,-0.44,0.08,0.07,2
2026-01-05,1.47,0.0,1.07,19.76,0.62,-0.22,-0.17,0.24,2
2026-01-06,0.45,0.0,0.76,20.01,0.66,-0.19,0.54,0.24,2
2026-01-07,0.62,1.0,0.83,19.52,0.15,0.33,1.44,0.92,2
2026-01-08,0.62,0.0,0.87,20.03,-0.08,-0.22,1.42,0.25,2
2026-01-09,0.64,0.0,1.0,20.15,-0.11,0.1,0.86,0.51,2
2026-01-12,1.03,1.0,0.96,19.06,0.07,0.34,1.84,0.86,2
2026-01-13,0.77,0.0,0.69,19.53,-0.52,0.13,1.96,0.78,2
2026-01-14,0.66,0.0,1.14,20.05,-0.03,0.07,1.79,0.45,2
2026-01-15,1.04,1.0,1.42,20.97,-0.48,0.27,0.71,0.58,2
2026-01-16,0.75,1.0,1.05,20.19,0.8,-0.55,1.0,0.08,2
2026-01-20,0.83,0.0,0.89,20.28,0.46,-0.12,0.94,0.3,2
2026-01-21,0.89,2.0,1.17,24.26,-1.17,-0.49,-1.05,0.19,0
2026-01-22,1.41,2.0,1.48,21.21,0.09,0.66,0.37,0.75,0
2026-01-23,0.51,0.0,0.87,20.11,0.53,-0.01,0.83,0.56,2
2026-01-26,0.75,1.0,0.84,20.37,-0.1,-0.14,1.02,0.5,2
2026-01-27,0.61,1.0,0.64,20.43,0.12,-0.04,1.61,0.66,2
2026-01-28,0.51,2.0,0.58,20.55,0.33,0.1,2.48,0.82,2
2026-01-29,0.82,1.0,0.74,20.38,0.46,0.06,2.9,0.65,2
2026-01-30,1.7,0.0,1.18,21.45,-0.17,0.66,1.98,0.7,2
2026-02-02,0.93,1.0,1.14,22.52,-0.38,-0.4,0.59,0.21,2
2026-02-03,1.02,2.0,0.64,21.23,-0.27,0.12,1.42,0.82,2
2026-02-04,1.76,1.0,1.17,23.45,0.14,-0.11,-0.35,0.31,0
2026-02-05,1.38,1.0,1.11,26.0,-0.14,-0.1,-1.98,0.43,0
2026-02-06,0.94,0.0,0.92,29.19,-0.61,-0.45,-3.77,0.16,1
2026-02-09,1.11,1.0,0.67,24.3,0.33,0.61,-1.75,0.82,1
2026-02-10,0.96,0.0,0.53,23.43,-0.14,0.39,-0.82,0.88,1
2026-02-11,0.51,1.0,0.71,23.47,0.01,-0.4,-1.37,0.15,1
2026-02-12,0.85,0.0,0.83,23.26,0.38,0.18,-1.2,0.54,1
2026-02-13,1.41,1.0,0.97,26.9,0.15,-0.68,-3.04,0.12,1
2026-02-17,0.85,1.0,0.84,26.37,-0.13,-0.15,-3.01,0.53,1
2026-02-18,0.91,1.0,0.77,25.97,-0.29,0.34,-2.97,0.75,1
2026-02-19,0.78,1.0,0.61,24.96,0.07,-0.22,-2.31,0.51,1
2026-02-20,0.44,0.0,0.73,25.63,-0.23,0.03,-2.62,0.49,1
2026-02-23,0.98,0.0,0.8,24.23,-0.29,0.41,-1.67,0.87,1
2026-02-24,0.79,1.0,0.67,26.37,-0.21,-0.1,-2.78,0.31,1
2026-02-25,0.83,2.0,0.61,24.83,0.05,0.17,-1.78,0.84,1
2026-02-26,0.55,1.0,0.44,22.93,0.3,0.31,-0.26,0.92,1
2026-02-27,1.03,0.0,0.82,23.62,-0.11,0.19,-1.5,0.43,1
2026-03-02,0.55,0.0,0.69,24.64,-0.54,0.14,-1.85,0.77,1
2026-03-03,1.07,1.0,0.66,25.58,-0.72,0.26,-1.77,0.79,1
2026-03-04,1.06,1.0,0.82,27.51,-0.98,0.53,-2.78,0.77,1
2026-03-05,0.84,1.0,0.59,24.89,0.24,0.19,-1.14,0.84,1
2026-03-06,0.88,1.0,0.76,26.05,-0.33,0.25,-1.6,0.59,1
2026-03-09,0.64,2.0,0.82,31.61,-0.7,-0.5,-3.03,0.17,1
2026-03-10,1.5,1.0,0.7,27.88,-0.46,1.32,-1.75,0.88,1
2026-03-11,0.62,0.0,0.73,27.22,0.05,-0.12,-1.41,0.43,1
2026-03-12,0.59,2.0,0.61,26.7,0.0,-0.11,-1.61,0.3,1
2026-03-13,0.63,1.0,0.68,29.82,-0.37,-0.48,-3.25,0.05,1
2026-03-16,0.9,0.0,0.72,29.87,0.22,-0.65,-3.82,0.03,1
2026-03-17,0.43,0.0,0.27,26.33,0.58,-0.05,-2.48,0.36,1
2026-03-18,0.33,0.0,0.43,24.67,0.64,0.01,-1.04,0.49,1
2026-03-19,0.77,1.0,0.55,27.72,-0.2,-0.85,-2.59,0.02,1
2026-03-20,0.73,1.0,0.75,26.9,-0.39,0.52,-2.57,0.78,1
2026-03-23,1.04,1.0,0.69,29.22,-0.25,-0.4,-4.32,0.33,1
2026-03-24,0.76,2.0,0.64,27.98,0.69,-0.36,-3.13,0.28,1
2026-03-25,0.47,1.0,0.69,28.74,-0.29,-0.11,-3.73,0.41,1
2026-03-26,0.45,0.0,0.64,27.64,0.37,-0.17,-3.06,0.36,1
2026-03-27,0.93,1.0,0.68,30.18,-0.42,-0.54,-4.82,0.29,1
2026-03-30,0.75,1.0,0.61,33.64,-0.47,-0.77,-7.13,0.03,1
2026-03-31,0.96,1.0,0.63,33.28,0.43,-0.76,-7.7,0.14,1
2026-04-01,1.11,1.0,0.82,28.25,0.53,1.13,-4.18,0.92,1
2026-04-02,0.55,1.0,0.63,27.54,0.29,-0.02,-2.93,0.53,1
2026-04-06,1.06,1.0,0.71,27.04,-0.79,0.65,-2.82,0.91,1
2026-04-07,0.47,0.0,0.62,27.38,0.1,0.08,-2.07,0.57,1
2026-04-08,0.86,1.0,0.9,28.45,-0.19,0.92,-1.78,0.98,1
2026-04-09,0.61,2.0,0.76,25.24,1.52,-0.01,1.03,0.41,0
2026-04-10,0.57,1.0,0.7,23.5,0.04,0.45,1.83,0.88,2
2026-04-13,0.32,1.0,0.6,23.14,0.15,-0.03,2.14,0.43,2
2026-04-14,0.77,1.0,0.62,22.18,-0.15,0.81,3.25,0.98,2
2026-04-15,0.66,0.0,0.6,21.81,0.19,0.51,5.03,0.96,2
2026-04-16,0.75,0.0,0.62,22.39,0.06,0.59,6.42,0.91,2
2026-04-17,0.55,1.0,0.78,22.26,0.19,0.11,6.81,0.63,2
2026-04-20,0.5,1.0,0.72,21.6,0.46,0.22,8.23,0.83,2
2026-04-21,0.51,1.0,0.62,22.94,-0.09,0.13,7.65,0.68,2
2026-04-22,0.67,1.0,0.91,23.79,0.13,0.04,7.53,0.59,2
2026-04-23,0.68,1.0,0.62,23.58,0.27,0.46,8.88,0.91,2
2026-04-24,0.97,1.0,0.89,23.27,-0.19,-0.11,8.07,0.57,2
2026-04-27,0.68,1.0,0.69,23.35,0.53,0.37,9.79,0.86,2
2026-04-28,0.31,0.0,0.6,23.07,-0.01,0.18,9.61,0.84,2
2026-04-29,0.51,1.0,0.76,23.31,-0.56,0.24,8.42,0.74,2
2026-04-30,0.61,1.0,0.68,23.77,0.04,-0.38,7.99,0.05,2
2026-05-01,0.98,1.0,0.8,21.79,0.75,0.72,9.6,0.92,2
2026-05-04,0.64,0.0,0.71,21.92,0.09,-0.05,10.28,0.68,2
2026-05-05,0.7,1.0,0.73,23.09,0.07,-0.1,9.78,0.43,2
2026-05-06,0.47,1.0,0.54,22.84,0.51,0.15,11.1,0.85,1
2026-05-07,1.0,0.0,0.64,23.67,0.5,0.89,13.34,0.99,1
2026-05-08,0.83,1.0,1.01,23.1,-0.09,-0.1,12.72,0.4,1
2026-05-11,1.11,1.0,0.68,23.8,0.35,0.55,14.88,0.92,1
2026-05-12,0.48,2.0,0.73,24.76,-0.08,0.01,14.68,0.61,1
2026-05-13,1.16,1.0,0.94,24.15,-0.37,0.4,13.25,0.69,1
2026-05-14,1.0,1.0,0.75,24.7,0.33,0.56,14.36,0.89,1
2026-05-15,0.67,1.0,0.82,24.26,-0.07,0.15,14.74,0.77,1
2026-05-18,0.82,1.0,0.92,25.44,-0.89,-0.49,12.2,0.17,1
2026-05-19,1.11,1.0,0.92,24.25,0.37,0.15,11.52,0.49,1
2026-05-20,0.93,1.0,0.94,24.09,-0.46,0.13,10.57,0.56,1
2026-05-21,0.78,1.0,0.76,23.76,0.3,0.39,11.89,0.9,1
2026-05-22,0.85,1.0,0.81,22.77,-0.28,0.54,11.9,0.77,1
2026-05-26,0.52,1.0,0.62,22.82,0.25,-0.23,11.88,0.28,1
2026-05-27,0.59,0.0,0.68,24.01,0.69,0.17,12.85,0.79,1
2026-05-28,0.64,0.0,0.8,23.44,0.26,0.23,12.85,0.58,1
2026-05-29,0.85,1.0,0.63,23.03,-0.01,0.45,13.44,0.98,1
2026-06-01,0.53,0.0,0.78,22.76,0.1,0.01,13.2,0.47,1
2026-06-02,0.81,1.0,0.66,23.51,-0.11,0.21,13.3,0.66,1
2026-06-03,0.7,1.0,0.61,23.49,0.0,0.39,13.43,0.93,1
2026-06-04,0.65,0.0,0.84,24.11,0.03,-0.11,12.43,0.36,1
2026-06-05,0.95,1.0,0.74,23.38,-0.71,0.15,11.33,0.66,1
2026-06-08,2.7,1.0,1.22,30.85,-0.87,-2.3,4.94,0.01,0
2026-06-09,0.77,1.0,0.79,27.23,1.29,-0.33,6.76,0.27,0
2026-06-10,2.91,1.0,1.36,29.79,0.53,0.35,5.05,0.54,0
2026-06-11,1.34,1.0,0.95,32.69,-0.41,-1.13,2.44,0.08,0
2026-06-12,1.55,1.0,0.92,30.48,0.41,1.82,5.73,0.97,0
2026-06-15,0.81,1.0,0.62,27.57,-0.03,0.45,6.05,0.92,1
2026-06-16,0.49,0.0,0.41,25.92,1.42,0.23,9.75,0.85,1
2026-06-17,0.9,1.0,0.81,26.92,-0.09,-0.85,7.26,0.02,1
2026-06-18,0.94,1.0,0.91,28.56,0.33,-1.0,5.82,0.17,1
2026-06-22,0.59,1.0,0.67,26.31,0.85,0.38,7.81,0.82,1
2026-06-23,0.7,1.0,0.73,27.7,0.16,-0.09,6.76,0.32,1
2026-06-24,0.7,0.0,0.81,32.37,-1.39,-0.35,3.48,0.28,1
2026-06-25,0.93,3.0,0.91,30.18,0.01,0.81,3.77,0.96,1
2026-06-26,1.29,0.0,0.98,30.91,0.38,0.33,3.22,0.57,1
2026-06-29,0.75,0.0,0.69,30.79,-0.62,-0.55,1.38,0.32,1
2026-06-30,1.11,1.0,0.69,29.37,0.41,0.99,3.49,0.94,1
2026-07-01,0.79,1.0,0.52,27.11,0.03,0.31,4.89,0.83,1
2026-07-02,0.49,1.0,0.63,27.69,-0.38,-0.54,3.1,0.15,1
2026-07-06,1.36,0.0,0.95,27.97,0.02,-0.53,1.1,0.22,1
2026-07-07,0.44,1.0,0.51,26.81,0.41,-0.06,2.13,0.59,1
2026-07-08,0.67,0.0,0.73,27.92,-0.52,0.03,0.26,0.44,1
2026-07-09,0.65,3.0,0.68,27.84,-0.3,0.49,0.12,0.84,1
2026-07-10,0.53,1.0,0.52,26.91,0.45,0.41,1.83,0.93,1
2026-07-13,0.56,0.0,0.53,24.9,-0.18,0.37,1.93,0.93,1
2026-07-14,0.52,1.0,0.64,27.3,-0.49,-0.45,-0.28,0.17,1
2026-07-15,0.48,2.0,0.58,26.27,0.52,0.06,0.7,0.67,1
2026-07-16,0.85,1.0,0.7,25.65,0.24,0.13,0.26,0.52,1
2026-07-17,0.66,1.0,0.63,27.34,-0.34,-0.6,-1.66,0.19,1
2026-07-20,0.93,1.0,0.74,29.04,-0.81,-0.22,-3.2,0.52,1
2026-07-21,0.61,1.0,0.59,28.52,0.44,-0.72,-3.13,0.01,1
2026-07-27,1.0,9.0,0.78,28.71,0.44,0.02,-4.94,0.37,0
